user_id,location,language,account_created,follower_count
user_guglt5jp,"Berlin, Germany",ja,2023-10-23 00:00:00,38963
user_b1p3wz81,"Munich, Germany",zh,2023-05-06 00:00:00,24644
user_jm2grmis,"Dubai, UAE",en,2023-01-03 00:00:00,45842
user_ykoqww5l,"Paris, France",fr,2023-10-11 00:00:00,665
user_3zzvv8vp,"Los Angeles, USA",ru,2023-05-23 00:00:00,42908
user_s4nmuyvf,"Mumbai, India",zh,2023-03-17 00:00:00,43412
user_9vo7he3z,"Rio de Janeiro, Brazil",en,2023-12-01 00:00:00,36257
user_guruu55k,"Mexico City, Mexico",en,2023-03-30 00:00:00,11260
user_8nvzxsuj,"Vancouver, Canada",es,2023-12-03 00:00:00,36383
user_rgmvy3e1,"London, UK",ja,2023-12-21 00:00:00,13458
user_j0akync6,"Houston, USA",en,2023-10-23 00:00:00,28544
user_dxhhp9fo,"Manchester, UK",fr,2023-03-03 00:00:00,3852
user_eci1w7hz,"Seoul, South Korea",ru,2023-02-04 00:00:00,43692
user_cefi5hpb,"Johannesburg, South Africa",es,2023-07-26 00:00:00,15895
user_wzdzaxo6,"Dubai, UAE",de,2023-03-27 00:00:00,13486
user_urkhf34q,"Manchester, UK",ar,2023-02-18 00:00:00,24177
user_4y5xrp4d,"São Paulo, Brazil",ar,2023-07-02 00:00:00,18904
user_5805b7s5,"Osaka, Japan",de,2023-07-29 00:00:00,29193
user_ju8hqhh7,"São Paulo, Brazil",pt,2023-08-10 00:00:00,11133
user_0xtn0q1z,"Mexico City, Mexico",zh,2023-02-13 00:00:00,4956
user_vdzbq60d,"São Paulo, Brazil",de,2023-05-21 00:00:00,25387
user_3nei5tio,"Rome, Italy",ja,2023-06-06 00:00:00,27945
user_8hs083wf,"Mexico City, Mexico",ja,2023-11-26 00:00:00,36208
user_g62nc9bm,"Osaka, Japan",pt,2023-05-18 00:00:00,29261
user_u6wmhba1,"Rio de Janeiro, Brazil",fr,2023-05-07 00:00:00,26788
user_rawskkbp,"Mexico City, Mexico",ja,2023-04-03 00:00:00,19554
user_6wra58f7,"Johannesburg, South Africa",en,2023-12-29 00:00:00,4953
user_20v16n7o,"Osaka, Japan",es,2023-06-23 00:00:00,35772
user_8hwimj2y,"Barcelona, Spain",hi,2023-07-09 00:00:00,34130
user_34h6otv1,"Mumbai, India",hi,2023-09-01 00:00:00,825
user_rd4m435g,"Mumbai, India",en,2023-05-09 00:00:00,41448
user_baflpt2a,"Shanghai, China",zh,2023-05-14 00:00:00,2528
user_3rnkw0w0,"London, UK",en,2023-08-30 00:00:00,16930
user_wdvt8sn8,"Lagos, Nigeria",hi,2023-10-18 00:00:00,44991
user_6ftbnlhg,"Seoul, South Korea",ru,2023-04-22 00:00:00,42376
user_p9zkwsde,"Tokyo, Japan",zh,2023-01-28 00:00:00,22530
user_jqhen223,"Rome, Italy",pt,2023-08-25 00:00:00,1386
user_qjq1xtnb,"Vancouver, Canada",ar,2023-06-20 00:00:00,9994
user_giqj8qez,"New York, USA",pt,2023-03-08 00:00:00,30904
user_yhkk65jx,"Dubai, UAE",zh,2023-03-04 00:00:00,19947
user_n7owi8hd,"Beijing, China",fr,2023-12-29 00:00:00,40734
user_q3dvjt5a,"Barcelona, Spain",en,2023-01-02 00:00:00,25339
user_uwu8hunq,"Melbourne, Australia",es,2023-04-12 00:00:00,47367
user_weam2ohn,"Lyon, France",en,2023-04-14 00:00:00,12261
user_v4objqex,"Madrid, Spain",hi,2023-11-15 00:00:00,16772
user_lgnt3fch,"Johannesburg, South Africa",fr,2023-03-29 00:00:00,46078
user_d1drdipk,"Berlin, Germany",fr,2023-03-14 00:00:00,12883
user_ll36h5wt,"Tokyo, Japan",ru,2023-07-02 00:00:00,29890
user_abawq3v4,"Barcelona, Spain",fr,2023-11-16 00:00:00,27400
user_668nidxi,"São Paulo, Brazil",pt,2023-07-24 00:00:00,17277
user_tbi3l8f9,"Milan, Italy",pt,2023-03-11 00:00:00,5446
user_jxoe2fqh,"Shanghai, China",de,2023-06-17 00:00:00,3525
user_sd7unhlc,"Tokyo, Japan",hi,2023-06-27 00:00:00,7258
user_y1nqrc5b,"Beijing, China",ru,2023-09-23 00:00:00,27900
user_q6b92sgq,"Munich, Germany",hi,2023-07-21 00:00:00,38254
user_sh3by87q,"Manchester, UK",hi,2023-10-14 00:00:00,30340
user_udakufz1,"Houston, USA",pt,2023-03-04 00:00:00,30349
user_siuvpkza,"Chicago, USA",en,2023-09-05 00:00:00,49905
user_a2t91ioa,"São Paulo, Brazil",ar,2023-03-23 00:00:00,5217
user_kxujr0gz,"Los Angeles, USA",pt,2023-02-04 00:00:00,34963
user_ggnjpujh,Singapore,hi,2023-10-22 00:00:00,35532
user_mkqbrm43,"Houston, USA",de,2023-01-14 00:00:00,16581
user_ysboqq66,Singapore,pt,2023-01-07 00:00:00,22756
user_cyqqg8x5,"Mexico City, Mexico",zh,2023-12-04 00:00:00,44679
user_icpx666o,"Chicago, USA",es,2023-02-28 00:00:00,36087
user_v7kjzia8,"Shanghai, China",de,2023-08-09 00:00:00,36584
user_m6q38p8n,"Rio de Janeiro, Brazil",ru,2023-08-20 00:00:00,19975
user_i16blt5c,"Lagos, Nigeria",fr,2023-01-12 00:00:00,15494
user_c48hfo1e,"Tokyo, Japan",ja,2023-04-02 00:00:00,30991
user_gbfw65um,"Dubai, UAE",ja,2023-01-21 00:00:00,3210
user_tndo3hfx,"Berlin, Germany",de,2023-05-31 00:00:00,43803
user_j7hru6kk,"Lyon, France",ar,2023-02-25 00:00:00,26012
user_85468fb8,"Delhi, India",pt,2023-09-22 00:00:00,16049
user_zzq2044c,"Delhi, India",ar,2023-02-09 00:00:00,34915
user_9jvugme4,"Berlin, Germany",en,2023-08-25 00:00:00,47684
user_wwk361ip,"Paris, France",fr,2023-02-17 00:00:00,25982
user_wjb4dk42,"Sydney, Australia",de,2023-05-24 00:00:00,35720
user_bq4m0de9,"Munich, Germany",zh,2023-08-21 00:00:00,47615
user_zq5mipiu,"New York, USA",ja,2023-11-11 00:00:00,38518
user_ny9vh0cg,"Chicago, USA",ja,2023-03-30 00:00:00,6479
user_g6l0e61e,"London, UK",de,2023-03-04 00:00:00,48312
user_sniodvjg,"São Paulo, Brazil",es,2023-09-16 00:00:00,23961
user_xwnpfnpm,"Delhi, India",es,2023-02-21 00:00:00,35374
user_x8d4tmgt,"Seoul, South Korea",hi,2023-10-13 00:00:00,3965
user_v1jddj2m,"Osaka, Japan",fr,2023-09-29 00:00:00,40890
user_3xgp44s2,"Beijing, China",es,2023-09-19 00:00:00,11935
user_0e2how9t,"Melbourne, Australia",hi,2023-09-03 00:00:00,23563
user_k7t9n4sb,"Rio de Janeiro, Brazil",hi,2023-02-25 00:00:00,4767
user_ipc8wvdz,"Houston, USA",fr,2023-09-24 00:00:00,9612
user_k9blda2m,"Shanghai, China",ar,2023-08-20 00:00:00,42330
user_zp2gw1bo,"Chicago, USA",de,2023-01-20 00:00:00,4869
user_ceim4vux,"Seoul, South Korea",hi,2023-11-13 00:00:00,40811
user_uwheu707,"Osaka, Japan",ja,2023-02-11 00:00:00,9366
user_0eufcipi,"Beijing, China",pt,2023-08-18 00:00:00,27089
user_ymg2zu9s,"São Paulo, Brazil",ru,2023-09-14 00:00:00,43449
user_xa1s1sd5,"Milan, Italy",es,2023-11-26 00:00:00,37758
user_a7p5u7lh,"Osaka, Japan",es,2023-07-25 00:00:00,25497
user_hkiyc5fm,"Paris, France",ar,2023-10-21 00:00:00,125
user_9iukejuf,"Manchester, UK",en,2023-04-03 00:00:00,13279
user_n020jpbl,"Rome, Italy",en,2023-09-08 00:00:00,14263
user_jsmxpwu0,"Lagos, Nigeria",ar,2023-09-09 00:00:00,31041
user_tyvzn6ay,"London, UK",fr,2023-09-05 00:00:00,46141
user_i2p1s57x,"Seoul, South Korea",es,2023-04-25 00:00:00,33834
user_8wm37pk5,"Dubai, UAE",pt,2023-07-03 00:00:00,5193
user_ien1skk9,"London, UK",pt,2023-01-23 00:00:00,23189
user_romhzbq7,"Johannesburg, South Africa",fr,2023-06-14 00:00:00,39722
user_dbqn2wg3,"Osaka, Japan",zh,2023-06-21 00:00:00,14408
user_pfk3usin,"Mumbai, India",es,2023-10-24 00:00:00,12664
user_8c6s6m9l,"Johannesburg, South Africa",fr,2023-05-27 00:00:00,45852
user_d6tjszz8,"Melbourne, Australia",fr,2023-03-24 00:00:00,37186
user_kjuts840,"Seoul, South Korea",zh,2023-11-16 00:00:00,21560
user_5dciucw4,Singapore,fr,2023-12-21 00:00:00,19889
user_0c5vu9wm,"Lagos, Nigeria",ru,2023-09-27 00:00:00,43214
user_yimb5r96,"Lyon, France",en,2023-06-19 00:00:00,24755
user_2c5wzose,"Lagos, Nigeria",zh,2023-07-21 00:00:00,28647
user_zyptgxi8,"Shanghai, China",ar,2023-02-17 00:00:00,47455
user_hdas0iau,"Rio de Janeiro, Brazil",ja,2023-10-31 00:00:00,1620
user_6qlz8pe6,"Milan, Italy",fr,2023-10-01 00:00:00,17169
user_tzroeifo,"Melbourne, Australia",pt,2023-11-09 00:00:00,6268
user_7b09zod9,"Munich, Germany",ru,2023-06-17 00:00:00,23147
user_py58gal3,"Chicago, USA",fr,2023-11-10 00:00:00,46803
user_jh1l7apn,"Lyon, France",de,2023-12-02 00:00:00,13388
user_m0adcouo,"Beijing, China",hi,2023-12-23 00:00:00,19858
user_emlc2ijs,"Mumbai, India",zh,2023-07-15 00:00:00,42097
user_z3z18l5y,"Johannesburg, South Africa",fr,2023-04-11 00:00:00,46150
user_x7umkbiv,"New York, USA",pt,2023-07-25 00:00:00,19280
user_zqv2vrf5,"Vancouver, Canada",es,2023-09-17 00:00:00,13531
user_otp3d47s,"Mumbai, India",de,2023-05-13 00:00:00,45599
user_btviyu88,"Barcelona, Spain",hi,2023-05-15 00:00:00,8121
user_jhknjb2o,"Manchester, UK",ar,2023-12-09 00:00:00,26342
user_j6qnfn0n,"Sydney, Australia",fr,2023-07-16 00:00:00,10053
user_dvoklay9,"Rio de Janeiro, Brazil",en,2023-04-01 00:00:00,47705
user_6f3gl5ci,"Los Angeles, USA",fr,2023-11-16 00:00:00,11240
user_va78mz39,"Vancouver, Canada",ru,2023-12-13 00:00:00,34585
user_shca6bkp,"London, UK",zh,2023-10-27 00:00:00,33313
user_6kjv32kv,"Los Angeles, USA",de,2023-01-30 00:00:00,15858
user_tj1hwx21,"Lyon, France",en,2023-03-06 00:00:00,24706
user_k7tyv3h1,"Mumbai, India",en,2023-12-13 00:00:00,24378
user_y9bjiho1,"Mumbai, India",zh,2023-11-12 00:00:00,24858
user_1tqy94o2,"Paris, France",hi,2023-04-25 00:00:00,28391
user_t6hlzu33,"Seoul, South Korea",es,2023-12-24 00:00:00,18568
user_xm374vm6,"Lyon, France",de,2023-05-27 00:00:00,15594
user_3k0yqpvo,"Tokyo, Japan",es,2023-12-14 00:00:00,247
user_y0n4ki5k,"Rome, Italy",hi,2023-04-16 00:00:00,45836
user_6sfxy8pg,"Cairo, Egypt",ru,2023-08-12 00:00:00,20348
user_eyak9wgy,"Cairo, Egypt",fr,2023-03-18 00:00:00,34393
user_74ipdtjp,"Tokyo, Japan",fr,2023-04-01 00:00:00,42718
user_0osqp2dw,"New York, USA",hi,2023-03-20 00:00:00,6432
user_xk2789p4,"Barcelona, Spain",hi,2023-04-05 00:00:00,42164
user_y5wi0qgb,"Rio de Janeiro, Brazil",ar,2023-01-26 00:00:00,43746
user_v3iny1iu,"Seoul, South Korea",de,2023-03-25 00:00:00,39123
user_1xh81tt1,"Rio de Janeiro, Brazil",en,2023-10-25 00:00:00,12104
user_ke2aznap,"Dubai, UAE",ru,2023-07-19 00:00:00,25705
user_nqv4azql,"Mexico City, Mexico",de,2023-04-18 00:00:00,22949
user_z9g0ws77,"Milan, Italy",es,2023-11-28 00:00:00,36413
user_w66b5uk0,"Manchester, UK",hi,2023-09-02 00:00:00,17208
user_hftncqwg,"Osaka, Japan",en,2023-05-05 00:00:00,35741
user_puoma5kg,"Shanghai, China",pt,2023-10-20 00:00:00,33595
user_3ec3xlij,"Mumbai, India",ar,2023-10-20 00:00:00,42106
user_7ctvaq92,"Shanghai, China",de,2023-06-23 00:00:00,40739
user_bouxcpei,"Milan, Italy",fr,2023-05-04 00:00:00,10486
user_r94xmwwi,"São Paulo, Brazil",ja,2023-09-23 00:00:00,13366
user_30jx467t,"Rio de Janeiro, Brazil",zh,2023-03-16 00:00:00,26128
user_ze3qol7q,"Mumbai, India",de,2023-02-18 00:00:00,16102
user_cgajq4il,"Lyon, France",hi,2023-03-23 00:00:00,13722
user_qtpvdjjh,"Osaka, Japan",ar,2023-12-24 00:00:00,11385
user_d6tkz8qs,"Rio de Janeiro, Brazil",fr,2023-04-09 00:00:00,43203
user_8t4e9hnl,"Paris, France",ar,2023-02-02 00:00:00,18137
user_7qv6le3v,"Barcelona, Spain",hi,2023-12-21 00:00:00,48814
user_d3z3d8ys,"Mumbai, India",en,2023-03-12 00:00:00,25077
user_vw9pi7nt,"Toronto, Canada",zh,2023-10-16 00:00:00,31294
user_ur1cqbvt,"Vancouver, Canada",hi,2023-09-20 00:00:00,16616
user_bxx2q7ss,"Manchester, UK",zh,2023-03-01 00:00:00,32190
user_e33tyryb,"Berlin, Germany",hi,2023-02-16 00:00:00,40671
user_yx0kbvbm,"Houston, USA",fr,2023-12-13 00:00:00,33957
user_eskzkba8,"Toronto, Canada",de,2023-09-15 00:00:00,4021
user_zqzqyysg,Singapore,ru,2023-02-07 00:00:00,30088
user_4wxjuaif,"New York, USA",en,2023-12-27 00:00:00,39522
user_yotuyqas,"Seoul, South Korea",fr,2023-01-31 00:00:00,19591
user_uer432k7,"Los Angeles, USA",ja,2023-10-28 00:00:00,2023
user_rkw2mic0,"Chicago, USA",ar,2023-01-23 00:00:00,21014
user_yd705rj9,"Los Angeles, USA",zh,2023-02-11 00:00:00,46165
user_nudota2x,Singapore,pt,2023-12-01 00:00:00,17212
user_p9rj0hnr,"Madrid, Spain",zh,2023-05-15 00:00:00,48134
user_q3vs0uj7,"Manchester, UK",ja,2023-01-12 00:00:00,32714
user_vdr1clyk,"Berlin, Germany",ru,2023-09-05 00:00:00,42746
user_xnin9vng,"Munich, Germany",es,2023-12-31 00:00:00,35176
user_g2dekwc7,"Madrid, Spain",es,2023-06-06 00:00:00,3698
user_r3r59q7h,"Los Angeles, USA",ja,2023-06-09 00:00:00,32753
user_4k5n0jkk,"Munich, Germany",pt,2023-11-17 00:00:00,9309
user_4tziovr6,"São Paulo, Brazil",zh,2023-01-27 00:00:00,7972
user_b6y23bbq,"Cairo, Egypt",fr,2023-09-15 00:00:00,17181
user_60ypl1q4,"Los Angeles, USA",hi,2023-05-12 00:00:00,44700
user_bnum1ru1,"Milan, Italy",zh,2023-06-22 00:00:00,13604
user_45yefmlp,"Paris, France",en,2023-10-22 00:00:00,37589
user_eank0miq,"London, UK",es,2023-12-24 00:00:00,8837
user_1qpr9tga,"Dubai, UAE",pt,2023-06-03 00:00:00,31853
user_k2v87420,"Barcelona, Spain",ru,2023-12-21 00:00:00,14719
user_sjm4thcl,"Dubai, UAE",en,2023-04-06 00:00:00,49721
user_viynjlsr,"Mumbai, India",hi,2023-06-27 00:00:00,46004
user_b6i17ydd,"Chicago, USA",ru,2023-09-14 00:00:00,45937
user_lk8wtuqr,"Vancouver, Canada",ja,2023-09-21 00:00:00,32276
user_de1ix2nc,"Houston, USA",de,2023-04-02 00:00:00,5659
user_dotzarnx,"Munich, Germany",de,2023-11-09 00:00:00,8257
user_zdot1vfk,"Barcelona, Spain",fr,2023-12-26 00:00:00,448
user_eyryqg4c,Singapore,en,2023-08-14 00:00:00,42446
user_oo2afkvn,"Madrid, Spain",es,2023-11-04 00:00:00,19226
user_9odm77d5,"Madrid, Spain",de,2023-01-26 00:00:00,13443
user_ishux5fb,Singapore,de,2023-05-18 00:00:00,27779
user_hdcwy7rw,"Houston, USA",hi,2023-06-12 00:00:00,2595
user_m5z8a3sg,"Berlin, Germany",ar,2023-04-01 00:00:00,34800
user_a9a7r18l,"Houston, USA",ja,2023-12-30 00:00:00,2091
user_uo7cfsb2,"Munich, Germany",de,2023-04-11 00:00:00,3966
user_ghc11hqx,"Beijing, China",fr,2023-12-11 00:00:00,8863
user_n3yjfvxy,"New York, USA",hi,2023-06-10 00:00:00,45548
user_vs99hcpu,"Manchester, UK",de,2023-02-24 00:00:00,40430
user_jl5j801v,"Los Angeles, USA",ru,2023-02-24 00:00:00,24657
user_1q9s4tw9,"Berlin, Germany",ja,2023-02-18 00:00:00,29011
user_4o1z3322,"Tokyo, Japan",ar,2023-08-22 00:00:00,48982
user_zsoad3v2,"Mumbai, India",fr,2023-03-07 00:00:00,16574
user_gtz1vf91,"Barcelona, Spain",ja,2023-07-28 00:00:00,27386
user_upih2le3,"Tokyo, Japan",de,2023-05-03 00:00:00,1775
user_27aje6ur,"Berlin, Germany",hi,2023-08-08 00:00:00,15671
user_k05n8c60,"Mumbai, India",zh,2023-01-25 00:00:00,4399
user_a19f44ms,"New York, USA",zh,2023-08-19 00:00:00,21298
user_brh0oqpe,"Lagos, Nigeria",pt,2023-04-06 00:00:00,45102
user_96h74y72,"Johannesburg, South Africa",zh,2023-01-05 00:00:00,11114
user_0riqrfz9,"Dubai, UAE",fr,2023-05-01 00:00:00,12825
user_0irp4abu,"Toronto, Canada",hi,2023-12-14 00:00:00,44206
user_8euzbrz1,"Madrid, Spain",de,2023-12-29 00:00:00,25029
user_pg6yqnrb,"Delhi, India",hi,2023-04-30 00:00:00,30432
user_mc4gyg3z,"Madrid, Spain",pt,2023-12-23 00:00:00,34238
user_zhouqige,"Munich, Germany",zh,2023-02-14 00:00:00,38584
user_il88ti8o,"Los Angeles, USA",en,2023-04-03 00:00:00,33527
user_e5q8f7ve,"Rio de Janeiro, Brazil",fr,2023-06-12 00:00:00,43303
user_jw3kd43r,"Dubai, UAE",hi,2023-11-06 00:00:00,12146
user_ygorm9b4,"Sydney, Australia",de,2023-12-27 00:00:00,7165
user_ijzzygde,"Johannesburg, South Africa",ar,2023-03-03 00:00:00,7394
user_oj02wstg,"Toronto, Canada",zh,2023-11-06 00:00:00,36121
user_r7o639pp,"Johannesburg, South Africa",pt,2023-06-04 00:00:00,36970
user_uc87frzx,"Rio de Janeiro, Brazil",hi,2023-07-29 00:00:00,45923
user_zdwf8afd,"Paris, France",zh,2023-10-12 00:00:00,13554
user_fpnt3iw9,"Rio de Janeiro, Brazil",ru,2023-01-02 00:00:00,8979
user_ttlouvlq,"Beijing, China",ru,2023-12-07 00:00:00,19373
user_njyhr041,"Manchester, UK",fr,2023-03-06 00:00:00,38346
user_54fu8vw0,"Delhi, India",hi,2023-01-05 00:00:00,19805
user_n52gcr0a,"Paris, France",hi,2023-05-02 00:00:00,10771
user_jodbszof,"Mumbai, India",zh,2023-05-30 00:00:00,31286
user_tb4fgpus,"Toronto, Canada",pt,2023-10-20 00:00:00,6623
user_tple0w0i,"Shanghai, China",pt,2023-01-13 00:00:00,26162
user_0281t7ll,"Houston, USA",de,2023-07-30 00:00:00,20201
user_o14tbxsc,"Barcelona, Spain",fr,2023-06-22 00:00:00,33313
user_7kpmi03n,"Melbourne, Australia",ru,2023-11-02 00:00:00,13017
user_7e3umebc,"Madrid, Spain",zh,2023-06-09 00:00:00,7547
user_c4e9we1i,"Munich, Germany",zh,2023-09-01 00:00:00,33992
user_wawwrvtc,"Berlin, Germany",en,2023-05-02 00:00:00,35269
user_eaft49ay,"Toronto, Canada",es,2023-01-28 00:00:00,31061
user_ivpaj0jp,"Tokyo, Japan",fr,2023-07-23 00:00:00,10547
user_hz0arhtv,"Toronto, Canada",en,2023-10-16 00:00:00,12039
user_xe1x9bhy,Singapore,ru,2023-02-26 00:00:00,36140
user_4ne7qun0,"Rome, Italy",pt,2023-04-09 00:00:00,48020
user_ywvdig0e,"Barcelona, Spain",zh,2023-06-19 00:00:00,3061
user_d0hubs9a,"Chicago, USA",pt,2023-11-21 00:00:00,38107
user_8l7rv5oe,"Vancouver, Canada",ru,2023-07-04 00:00:00,48345
user_n0t4gjjd,"Osaka, Japan",de,2023-08-18 00:00:00,8868
user_mwro4svc,"New York, USA",ar,2023-06-29 00:00:00,18052
user_i2rk6iik,"Osaka, Japan",en,2023-03-17 00:00:00,40792
user_gzmfd48k,"Johannesburg, South Africa",es,2023-08-11 00:00:00,30865
user_3ycqpch5,"Houston, USA",ru,2023-07-06 00:00:00,14024
user_5ucdzep1,"Rio de Janeiro, Brazil",de,2023-05-28 00:00:00,40859
user_sr1ug159,"Mexico City, Mexico",en,2023-10-02 00:00:00,26249
user_168r2uhp,"Los Angeles, USA",ja,2023-02-07 00:00:00,11610
user_8s0d1h4k,"New York, USA",en,2023-04-13 00:00:00,15522
user_s1avt2xw,"Johannesburg, South Africa",ru,2023-01-31 00:00:00,8604
user_d1fuzi94,"Cairo, Egypt",ja,2023-01-27 00:00:00,36438
user_wb863i99,"Dubai, UAE",fr,2023-01-23 00:00:00,36734
user_8bslqcpy,"Madrid, Spain",ru,2023-10-26 00:00:00,2241
user_63jwqml9,"Chicago, USA",en,2023-06-09 00:00:00,25724
user_v4th5er7,"Lyon, France",ja,2023-04-28 00:00:00,13337
user_5e47gk4r,"Milan, Italy",en,2023-12-31 00:00:00,41079
user_rsrg2sgy,"Dubai, UAE",de,2023-01-19 00:00:00,32791
user_fgjkkrie,"Lyon, France",zh,2023-07-13 00:00:00,2211
user_x2etbjko,"Barcelona, Spain",pt,2023-03-26 00:00:00,36825
user_as9qc2ya,"Paris, France",es,2023-12-02 00:00:00,10803
user_pe5yckyb,"Madrid, Spain",ru,2023-07-26 00:00:00,33737
user_4aitv3ib,"Rio de Janeiro, Brazil",ja,2023-06-25 00:00:00,47961
user_al9p1gnu,"Munich, Germany",pt,2023-04-19 00:00:00,49268
user_l0y6e71z,"Dubai, UAE",ja,2023-11-15 00:00:00,9788
user_lialzqfp,"Lagos, Nigeria",ru,2023-01-26 00:00:00,47637
user_yz6mibaj,"Dubai, UAE",ar,2023-04-17 00:00:00,10415
user_c01tfali,"Milan, Italy",fr,2023-10-29 00:00:00,28971
user_6w7t1ijr,"Milan, Italy",en,2023-08-14 00:00:00,27442
user_k3y9gbsz,"Berlin, Germany",es,2023-05-06 00:00:00,12496
user_nfo3ih5u,"Barcelona, Spain",ar,2023-10-29 00:00:00,40429
user_0ovhak73,"New York, USA",hi,2023-12-15 00:00:00,32045
user_dalm2g0s,"Sydney, Australia",hi,2023-05-25 00:00:00,47363
user_vc1szta6,"Chicago, USA",ru,2023-08-18 00:00:00,16685
user_47o2zlmp,"Tokyo, Japan",pt,2023-10-22 00:00:00,9632
user_n6p8x5xw,"Vancouver, Canada",pt,2023-05-16 00:00:00,20355
user_6laec67f,"Chicago, USA",es,2023-06-16 00:00:00,6536
user_oo2yuqwk,"Mumbai, India",zh,2023-02-08 00:00:00,29705
user_om9fk7q9,"Beijing, China",ar,2023-07-21 00:00:00,30691
user_9asov0m8,Singapore,hi,2023-10-09 00:00:00,49763
user_jyq7ygu9,"Delhi, India",pt,2023-03-02 00:00:00,9216
user_osog5p0m,"Berlin, Germany",pt,2023-03-20 00:00:00,21275
user_aroc3ncd,"Rio de Janeiro, Brazil",hi,2023-03-24 00:00:00,10428
user_2pjp6tpj,"São Paulo, Brazil",de,2023-03-30 00:00:00,44592
user_h5lkwga3,"Johannesburg, South Africa",ru,2023-04-30 00:00:00,26321
user_ivpoy0x1,"Seoul, South Korea",hi,2023-05-12 00:00:00,28950
user_g612w4ko,"Munich, Germany",de,2023-02-19 00:00:00,13591
user_z8vlb7d2,"Rome, Italy",hi,2023-09-21 00:00:00,418
user_kn46rm8k,"Mumbai, India",en,2023-01-26 00:00:00,12679
user_eg2telg5,Singapore,hi,2023-12-25 00:00:00,10015
user_jioz08hb,"Melbourne, Australia",ja,2023-12-30 00:00:00,11969
user_aqwezplu,"Cairo, Egypt",hi,2023-02-06 00:00:00,40191
user_lsi8z95w,Singapore,ja,2023-02-12 00:00:00,9000
user_wq8mex2l,"Madrid, Spain",ru,2023-01-31 00:00:00,5897
user_zw0wri6o,"Sydney, Australia",de,2023-12-14 00:00:00,7304
user_qxhiayyr,"Berlin, Germany",hi,2023-06-07 00:00:00,12943
user_veuczwoc,"Seoul, South Korea",pt,2023-03-14 00:00:00,11391
user_cqaitbuv,"Johannesburg, South Africa",ja,2023-06-30 00:00:00,3382
user_140m58n3,"Osaka, Japan",fr,2023-06-10 00:00:00,28999
user_sek60h67,"Vancouver, Canada",ru,2023-02-28 00:00:00,12772
user_5t2f5iez,"Mumbai, India",en,2023-07-15 00:00:00,29412
user_sxyhv9rg,"Madrid, Spain",hi,2023-09-30 00:00:00,23637
user_ukkkyp0o,"Toronto, Canada",es,2023-02-28 00:00:00,28045
user_84k7x6zn,"Barcelona, Spain",ja,2023-10-23 00:00:00,49736
user_i7dvhf8q,Singapore,pt,2023-01-03 00:00:00,4409
user_taeychos,"Barcelona, Spain",es,2023-10-12 00:00:00,38460
user_dfogxwx0,"London, UK",ar,2023-09-09 00:00:00,9419
user_oc9vdes0,"Beijing, China",zh,2023-09-06 00:00:00,18354
user_24wzfb8b,"Barcelona, Spain",zh,2023-02-27 00:00:00,38633
user_119tublg,"Berlin, Germany",zh,2023-11-02 00:00:00,26429
user_3bumtqzs,"Munich, Germany",ar,2023-06-18 00:00:00,23677
user_xw2x8wg8,"Sydney, Australia",fr,2023-01-05 00:00:00,36009
user_ehd44os3,"Melbourne, Australia",zh,2023-09-12 00:00:00,44782
user_lyfad7uf,"Melbourne, Australia",es,2023-03-29 00:00:00,49092
user_lynilnsu,"Paris, France",ar,2023-12-14 00:00:00,5827
user_cntp6452,"Shanghai, China",pt,2023-10-04 00:00:00,11329
user_vl9qiy9k,"Rome, Italy",pt,2023-06-11 00:00:00,35120
user_aasqf25g,"Osaka, Japan",fr,2023-02-18 00:00:00,48132
user_ouh6yqhh,"Melbourne, Australia",de,2023-07-20 00:00:00,10787
user_a3lly7yh,"Sydney, Australia",ar,2023-09-11 00:00:00,41868
user_0j9a7ict,"Beijing, China",de,2023-12-01 00:00:00,23031
user_xzpx4dgt,"Madrid, Spain",ar,2023-12-30 00:00:00,11850
user_hk65gky5,"Lagos, Nigeria",pt,2023-05-17 00:00:00,23277
user_56ztj4ej,Singapore,zh,2023-01-20 00:00:00,33410
user_t69el5p0,"Dubai, UAE",ru,2023-09-30 00:00:00,47601
user_qiay963n,"Vancouver, Canada",en,2023-09-22 00:00:00,11551
user_8u9g9kjp,"Los Angeles, USA",pt,2023-06-23 00:00:00,37049
user_adh72fga,"Beijing, China",ru,2023-06-19 00:00:00,11085
user_axfqrey3,"Rome, Italy",pt,2023-11-20 00:00:00,43157
user_rmzhp5so,Singapore,ru,2023-12-06 00:00:00,22119
user_q3u3lr0c,"Osaka, Japan",de,2023-11-02 00:00:00,14862
user_permtl48,"Cairo, Egypt",hi,2023-03-17 00:00:00,23881
user_4vtz5fph,"Berlin, Germany",de,2023-05-22 00:00:00,4310
user_9b00jr3x,"Johannesburg, South Africa",es,2023-03-16 00:00:00,31847
user_ph0q514v,"Paris, France",pt,2023-01-16 00:00:00,31556
user_74ri5vbc,"New York, USA",hi,2023-09-23 00:00:00,24934
user_vy7kbd6u,"Cairo, Egypt",hi,2023-06-14 00:00:00,26320
user_tmp5lmrb,"São Paulo, Brazil",fr,2023-03-12 00:00:00,20446
user_a3njsw7g,"Los Angeles, USA",zh,2023-12-03 00:00:00,4222
user_a7y7wdlm,"Delhi, India",ar,2023-01-28 00:00:00,38573
user_qpmg4srk,"Rio de Janeiro, Brazil",zh,2023-03-02 00:00:00,33780
user_zfu8q0ih,Singapore,en,2023-09-30 00:00:00,27732
user_dcrkgrb5,Singapore,ja,2023-03-10 00:00:00,27599
user_hen7rrkk,"Munich, Germany",hi,2023-04-17 00:00:00,1688
user_i8ncp2ai,"Delhi, India",fr,2023-02-12 00:00:00,49722
user_bkblavjw,"London, UK",es,2023-09-23 00:00:00,32729
user_t8lwlzoc,"Lyon, France",es,2023-08-03 00:00:00,21891
user_qfevrky0,"Munich, Germany",zh,2023-02-08 00:00:00,6197
user_wy6vq77l,"Tokyo, Japan",pt,2023-02-12 00:00:00,39627
user_y4xv4is3,"Shanghai, China",en,2023-09-15 00:00:00,41063
user_a0oggtxs,"New York, USA",ar,2023-02-21 00:00:00,27627
user_aoke8xi4,"Chicago, USA",de,2023-09-09 00:00:00,34362
user_3uo85im0,"New York, USA",hi,2023-04-12 00:00:00,36466
user_mcchsnr8,"Munich, Germany",ar,2023-02-17 00:00:00,2602
user_81otnxj4,"Johannesburg, South Africa",de,2023-06-08 00:00:00,35715
user_bqp8mrav,"Shanghai, China",ar,2023-09-26 00:00:00,17025
user_5oe5t3js,"London, UK",ja,2023-02-08 00:00:00,3151
user_yhe9m0z0,"Beijing, China",ar,2023-06-30 00:00:00,1655
user_2rs485d7,"Sydney, Australia",hi,2023-07-15 00:00:00,37090
user_01hav2yk,"Barcelona, Spain",es,2023-11-20 00:00:00,14971
user_sp9dve47,"Chicago, USA",es,2023-08-06 00:00:00,5574
user_e3cwapff,"Los Angeles, USA",zh,2023-07-10 00:00:00,14722
user_yq0h1va1,"Rome, Italy",pt,2023-09-07 00:00:00,2141
user_eh4ki1e0,"Paris, France",hi,2023-04-07 00:00:00,35006
user_lq24e3b9,"Toronto, Canada",ja,2023-02-26 00:00:00,28620
user_x6318ftx,"New York, USA",ja,2023-05-10 00:00:00,721
user_d71eor1s,"Milan, Italy",de,2023-05-10 00:00:00,21073
user_44de7ixg,"New York, USA",hi,2023-03-13 00:00:00,41901
user_sf86dv0x,"Lyon, France",zh,2023-08-24 00:00:00,42384
user_52uwmqq1,"New York, USA",es,2023-12-11 00:00:00,19204
user_ufyrd68a,"Munich, Germany",zh,2023-02-06 00:00:00,24756
user_5cycq2el,"Berlin, Germany",hi,2023-07-26 00:00:00,37223
user_b92nfvv0,"Dubai, UAE",zh,2023-01-06 00:00:00,21546
user_nuzypbfw,"Rome, Italy",es,2023-01-04 00:00:00,20169
user_zwe31kzt,"Rio de Janeiro, Brazil",en,2023-03-27 00:00:00,31220
user_mtuzxdlb,"Melbourne, Australia",fr,2023-04-06 00:00:00,49341
user_790dw1c4,"Vancouver, Canada",ru,2023-07-23 00:00:00,31515
user_94mzsiik,"Cairo, Egypt",en,2023-10-29 00:00:00,43471
user_maie4mnu,"Delhi, India",ru,2023-07-20 00:00:00,27256
user_8v39sv2i,"London, UK",pt,2023-06-26 00:00:00,36198
user_cl1v5t2j,"Dubai, UAE",en,2023-01-23 00:00:00,11334
user_r9mokwet,"Barcelona, Spain",ja,2023-02-26 00:00:00,22734
user_hjd27rwd,"Barcelona, Spain",pt,2023-09-27 00:00:00,46289
user_s87enj6b,"Mexico City, Mexico",ar,2023-03-11 00:00:00,43476
user_86o3waw2,"Paris, France",zh,2023-07-16 00:00:00,23964
user_vws4jlpy,"Delhi, India",ar,2023-07-16 00:00:00,28204
user_v8gtqwd5,"São Paulo, Brazil",ru,2023-07-16 00:00:00,11255
user_3jedn9am,"Beijing, China",pt,2023-01-21 00:00:00,29196
user_siav2csw,"Tokyo, Japan",zh,2023-06-16 00:00:00,36855
user_5idgm0pl,"London, UK",fr,2023-04-21 00:00:00,19110
user_iie5vu9r,"Los Angeles, USA",fr,2023-12-19 00:00:00,46501
user_w1ocsyld,"Johannesburg, South Africa",fr,2023-02-01 00:00:00,39536
user_si0cvlcp,"Los Angeles, USA",ar,2023-07-17 00:00:00,8005
user_drbocr22,"Rio de Janeiro, Brazil",pt,2023-08-11 00:00:00,33828
user_atwknpoi,"Lyon, France",ar,2023-07-10 00:00:00,41077
user_cpgiv9pb,"Berlin, Germany",pt,2023-12-17 00:00:00,22450
user_wshujk0v,"New York, USA",zh,2023-12-23 00:00:00,33066
user_b7x51z27,"Manchester, UK",hi,2023-03-07 00:00:00,16267
user_fq6l7e80,"Dubai, UAE",ja,2023-08-08 00:00:00,39668
user_m80j4x3i,"Toronto, Canada",pt,2023-12-18 00:00:00,17803
user_f45gw6pp,"Mexico City, Mexico",ar,2023-10-09 00:00:00,40345
user_pi32ijrq,"Barcelona, Spain",ru,2023-12-25 00:00:00,15386
user_y5k6wncp,"Osaka, Japan",ar,2023-04-08 00:00:00,5760
user_vuu7r75n,"Milan, Italy",ja,2023-06-15 00:00:00,19196
user_h229sw58,"Delhi, India",es,2023-08-09 00:00:00,34951
user_hdl625jh,"Vancouver, Canada",pt,2023-03-10 00:00:00,33417
user_nyopcp6t,"Milan, Italy",ru,2023-05-29 00:00:00,15140
user_11phoejb,"Seoul, South Korea",es,2023-06-02 00:00:00,37944
user_bnf5t5ap,"Houston, USA",hi,2023-12-05 00:00:00,32253
user_lv0eohsw,Singapore,de,2023-04-07 00:00:00,25133
user_jxfroxq0,"Paris, France",ru,2023-11-24 00:00:00,36948
user_uod57rwt,"Barcelona, Spain",en,2023-04-16 00:00:00,46440
user_7nf5hu9v,"Shanghai, China",ar,2023-07-11 00:00:00,45013
user_9rojnpuf,"Milan, Italy",en,2023-05-12 00:00:00,46823
user_jf5qblgx,"Munich, Germany",ja,2023-07-25 00:00:00,18368
user_tejbqww7,"Johannesburg, South Africa",en,2023-03-20 00:00:00,2818
user_7apw5kiv,"Melbourne, Australia",ru,2023-01-16 00:00:00,17878
user_1tx7gaza,"Vancouver, Canada",ru,2023-01-02 00:00:00,41034
user_7qyvw1tf,"New York, USA",fr,2023-10-13 00:00:00,17660
user_7ydlrbx2,"Johannesburg, South Africa",ar,2023-06-20 00:00:00,10358
user_9uy1b9et,"Johannesburg, South Africa",hi,2023-09-28 00:00:00,31376
user_ecizeoah,"Munich, Germany",de,2023-09-30 00:00:00,39544
user_mjgvhs2g,"Los Angeles, USA",pt,2023-06-10 00:00:00,42942
user_26vqb3hm,"Berlin, Germany",en,2023-11-10 00:00:00,8736
user_mivsrvu3,"New York, USA",ja,2023-02-28 00:00:00,27855
user_261d32en,"Seoul, South Korea",es,2023-01-15 00:00:00,12160
user_pz96evl4,Singapore,hi,2023-05-10 00:00:00,30021
user_1ufvqzqz,"Manchester, UK",ru,2023-06-12 00:00:00,40348
user_mmusq9kc,"Osaka, Japan",zh,2023-08-14 00:00:00,29655
user_m39invb2,"Rome, Italy",en,2023-11-23 00:00:00,47668
user_xiajv4r3,"São Paulo, Brazil",ja,2023-09-30 00:00:00,40908
user_9q2g628y,"Paris, France",de,2023-03-31 00:00:00,23755
user_bijy5emr,"Barcelona, Spain",zh,2023-08-08 00:00:00,3165
user_1d3vq03j,"Osaka, Japan",hi,2023-06-19 00:00:00,5068
user_j5okaapb,"Beijing, China",ar,2023-01-04 00:00:00,22563
user_y2h9q3ov,"Houston, USA",en,2023-04-05 00:00:00,18336
user_2u0k09bc,"Cairo, Egypt",zh,2023-05-25 00:00:00,11290
user_2kmgah02,"Houston, USA",en,2023-04-15 00:00:00,49291
user_4wra4ou1,"Cairo, Egypt",es,2023-10-29 00:00:00,6822
user_63zia51r,"Shanghai, China",hi,2023-07-02 00:00:00,15126
user_py6fq7ii,"Delhi, India",de,2023-04-19 00:00:00,18940
user_nqnv2wim,"Melbourne, Australia",ar,2023-02-10 00:00:00,1873
user_mvou9k6j,"Johannesburg, South Africa",pt,2023-01-14 00:00:00,19293
user_wtde66xv,"Madrid, Spain",fr,2023-01-28 00:00:00,35473
user_pgj3c632,"Milan, Italy",de,2023-02-10 00:00:00,18655
user_sktr0cyy,"Delhi, India",ja,2023-04-06 00:00:00,42180
user_qvtjkfak,"Cairo, Egypt",pt,2023-10-04 00:00:00,25714
user_732cckxx,"Tokyo, Japan",ja,2023-07-30 00:00:00,44573
user_ta69gmj0,"Lyon, France",hi,2023-01-21 00:00:00,21267
user_q562no7n,"New York, USA",en,2023-04-27 00:00:00,18511
user_bdhs7x3v,"Melbourne, Australia",ru,2023-10-12 00:00:00,15799
user_fti0may3,Singapore,pt,2023-11-09 00:00:00,10669
user_o8hhe4wa,"Johannesburg, South Africa",en,2023-03-23 00:00:00,6637
user_pgqntl35,"Chicago, USA",ru,2023-07-15 00:00:00,47634
user_wd54p4v2,"Paris, France",ar,2023-08-18 00:00:00,26645
user_orpq5vct,"Chicago, USA",pt,2023-03-14 00:00:00,27107
user_ieac3mj5,"Chicago, USA",de,2023-01-04 00:00:00,28812
user_oeg9yiqz,"São Paulo, Brazil",pt,2023-12-23 00:00:00,7528
user_2bd09win,"Rome, Italy",en,2023-08-10 00:00:00,11965
user_nq5irbxf,"Houston, USA",zh,2023-04-20 00:00:00,17046
user_w9qotuff,"Shanghai, China",ja,2023-05-18 00:00:00,11203
user_3dxz5ulg,"Munich, Germany",pt,2023-10-07 00:00:00,24698
user_z0feut2e,"Milan, Italy",hi,2023-06-04 00:00:00,30461
user_t1ebprsv,"Shanghai, China",zh,2023-10-12 00:00:00,17682
user_vzrxsn7d,"Mexico City, Mexico",pt,2023-12-17 00:00:00,46857
user_46nz84dw,"Madrid, Spain",ja,2023-09-28 00:00:00,15483
user_vfxs1pry,"Melbourne, Australia",fr,2023-10-31 00:00:00,19932
user_o94skjzg,"Sydney, Australia",es,2023-07-15 00:00:00,37281
user_owfyy4u0,"Mexico City, Mexico",ru,2023-05-06 00:00:00,31183
user_x4incpcb,Singapore,en,2023-05-10 00:00:00,3061
user_x9480750,"Cairo, Egypt",ru,2023-11-26 00:00:00,27437
user_fdavvfs9,"Shanghai, China",hi,2023-10-14 00:00:00,28740
user_u51hbic9,"Milan, Italy",zh,2023-08-08 00:00:00,3531
user_qq52pl85,"Shanghai, China",pt,2023-05-10 00:00:00,23934
user_7t2gp59a,"Berlin, Germany",zh,2023-11-05 00:00:00,37446
user_2te8mebn,"Lyon, France",fr,2023-09-07 00:00:00,8398
user_0tn4l0qh,"Dubai, UAE",de,2023-08-22 00:00:00,26141
user_azysdwyx,"Milan, Italy",es,2023-06-30 00:00:00,28547
user_rtd4u49d,"Toronto, Canada",pt,2023-11-05 00:00:00,10756
user_io0r2qdo,"Munich, Germany",zh,2023-03-26 00:00:00,13641
user_q6c1cez7,"Madrid, Spain",pt,2023-12-03 00:00:00,28222
user_y1n8mr0y,"Tokyo, Japan",pt,2023-11-22 00:00:00,35073
user_l1eyb03l,"Seoul, South Korea",ja,2023-06-01 00:00:00,32738
user_otg53r69,"Lagos, Nigeria",ar,2023-10-04 00:00:00,31825
user_wv5x4t03,"Houston, USA",ja,2023-01-01 00:00:00,28162
user_ooywbljj,"Dubai, UAE",ja,2023-01-16 00:00:00,45700
user_j3u6uwnr,"Chicago, USA",hi,2023-12-01 00:00:00,28369
user_r4gwis5e,"Shanghai, China",en,2023-03-03 00:00:00,33811
user_slqlepta,"Lagos, Nigeria",es,2023-12-24 00:00:00,40296
user_xkd9tkjq,"Sydney, Australia",ru,2023-03-15 00:00:00,5902
user_5udnicb6,"Beijing, China",pt,2023-01-25 00:00:00,21862
user_wr37s6cm,"Los Angeles, USA",ja,2023-05-02 00:00:00,40667
user_qmta1cuk,"Manchester, UK",zh,2023-11-26 00:00:00,44187
user_6mon7624,"Dubai, UAE",ja,2023-06-13 00:00:00,26804
user_3318o2cp,"Cairo, Egypt",zh,2023-07-01 00:00:00,2374
user_4osioctr,"Barcelona, Spain",ja,2023-05-27 00:00:00,4284
user_cyip1pki,"Houston, USA",zh,2023-02-07 00:00:00,19792
user_zz4hfjm7,"São Paulo, Brazil",ja,2023-09-14 00:00:00,18075
user_soj0hvzl,"Milan, Italy",de,2023-03-30 00:00:00,14453
user_w9frojsj,"Mexico City, Mexico",de,2023-08-31 00:00:00,15881
user_sgrcs7xk,"Madrid, Spain",ja,2023-12-24 00:00:00,9814
user_mvu6hdsm,"London, UK",fr,2023-07-31 00:00:00,7432
user_6jacneh7,"Beijing, China",ja,2023-05-29 00:00:00,32844
user_jnbq8wan,"Cairo, Egypt",ja,2023-03-08 00:00:00,26014
user_59i5fn0m,"Delhi, India",en,2023-12-10 00:00:00,37251
user_nh1o0jf3,"Seoul, South Korea",es,2023-03-24 00:00:00,23258
user_tzqt5z2m,"New York, USA",es,2023-10-06 00:00:00,32131
user_a9ysjusm,"Barcelona, Spain",zh,2023-07-22 00:00:00,21394
user_l35h2ubs,"São Paulo, Brazil",ar,2023-10-24 00:00:00,30281
user_71fmq8vv,"Paris, France",hi,2023-07-24 00:00:00,30746
user_muh53in5,"Vancouver, Canada",es,2023-03-12 00:00:00,20639
user_lq2eprhn,"Johannesburg, South Africa",de,2023-04-21 00:00:00,2434
user_bq4d19qm,"Shanghai, China",hi,2023-03-04 00:00:00,10193
user_p6njk6q4,"London, UK",fr,2023-08-03 00:00:00,27586
user_cpxksz4r,"Toronto, Canada",de,2023-09-17 00:00:00,49247
user_t59clgrj,"Milan, Italy",ar,2023-10-06 00:00:00,43441
user_z9ike75w,"Cairo, Egypt",ru,2023-02-13 00:00:00,29257
user_hydwb1c4,"Vancouver, Canada",de,2023-08-18 00:00:00,2516
user_po12745v,"Osaka, Japan",pt,2023-02-13 00:00:00,40728
user_dl3xyfx7,"Rome, Italy",hi,2023-06-05 00:00:00,16218
user_kjdhjed1,"Paris, France",en,2023-03-20 00:00:00,15413
user_n4b1bcqh,"Melbourne, Australia",de,2023-10-31 00:00:00,640
user_gcqp6ulk,"Houston, USA",zh,2023-11-21 00:00:00,42234
user_gre0h06x,"Beijing, China",es,2023-11-17 00:00:00,23303
user_teahnr7h,"New York, USA",ja,2023-02-18 00:00:00,30953
user_gg2lzb94,"Cairo, Egypt",hi,2023-01-09 00:00:00,21301
user_x6t03gzx,"Rome, Italy",ar,2023-10-24 00:00:00,5868
user_2ytzut7i,"Mumbai, India",fr,2023-12-03 00:00:00,17064
user_27gl0vx8,"Shanghai, China",zh,2023-12-19 00:00:00,39885
user_y21tyr3n,Singapore,hi,2023-06-20 00:00:00,26602
user_i45x0tl1,"Cairo, Egypt",ja,2023-06-10 00:00:00,34720
user_bgppnqks,"Tokyo, Japan",en,2023-12-07 00:00:00,15171
user_cyhf4eor,"Houston, USA",es,2023-06-03 00:00:00,14374
user_k050ttnw,"Shanghai, China",ru,2023-05-10 00:00:00,48576
user_eveg7bqi,"Manchester, UK",ja,2023-04-27 00:00:00,2633
user_sb57kdx4,"Manchester, UK",pt,2023-06-04 00:00:00,27173
user_frdud4v4,"Dubai, UAE",ru,2023-04-15 00:00:00,10884
user_5jgxm2om,"Mexico City, Mexico",en,2023-12-27 00:00:00,37353
user_l0mgj0v7,"Barcelona, Spain",ja,2023-10-16 00:00:00,35851
user_uumiilnv,"Houston, USA",es,2023-09-01 00:00:00,1568
user_68enpikx,"Houston, USA",en,2023-07-26 00:00:00,9364
user_yt2525cx,"Beijing, China",ja,2023-10-09 00:00:00,13894
user_xn2a0g8z,"Shanghai, China",ru,2023-06-14 00:00:00,45029
user_as209gf7,"Rio de Janeiro, Brazil",ja,2023-08-27 00:00:00,46583
user_sc6w53me,"Mexico City, Mexico",de,2023-02-04 00:00:00,11958
user_i4197bhy,"New York, USA",es,2023-06-20 00:00:00,37933
user_6k3wfv03,"Mexico City, Mexico",es,2023-06-09 00:00:00,13185
user_vgdizrp5,"Rio de Janeiro, Brazil",ja,2023-01-14 00:00:00,37196
user_i5ujajet,"São Paulo, Brazil",zh,2023-04-15 00:00:00,26833
user_q58jkdaj,"Munich, Germany",en,2023-12-03 00:00:00,29659
user_mlvgkgpu,"Seoul, South Korea",pt,2023-07-06 00:00:00,36362
user_096zrz0x,"Beijing, China",ru,2023-09-30 00:00:00,44273
user_n2ondgx6,"Los Angeles, USA",zh,2023-07-03 00:00:00,44576
user_gsa59ewq,"Houston, USA",de,2023-12-20 00:00:00,2194
user_7zljw927,"Lagos, Nigeria",ar,2023-06-19 00:00:00,15964
user_n0ok02rt,"Dubai, UAE",ru,2023-02-13 00:00:00,2531
user_e36lw9zl,"Lyon, France",zh,2023-10-14 00:00:00,41399
user_1ywmiv7e,"Manchester, UK",de,2023-12-15 00:00:00,41615
user_0xmoolhz,"New York, USA",zh,2023-05-05 00:00:00,34501
user_x47ltmhc,"Sydney, Australia",es,2023-06-11 00:00:00,30785
user_v0ylmnbx,"Johannesburg, South Africa",de,2023-06-17 00:00:00,48811
user_y68rd0ph,"Johannesburg, South Africa",es,2023-06-04 00:00:00,11155
user_nog4qbe8,"Shanghai, China",fr,2023-04-01 00:00:00,18710
user_gphppr64,"Chicago, USA",ar,2023-08-17 00:00:00,6219
user_p84zb3bc,"São Paulo, Brazil",fr,2023-08-21 00:00:00,1245
user_ct4c5m5p,"Manchester, UK",ru,2023-12-29 00:00:00,13416
user_vknr0v08,"Rome, Italy",fr,2023-06-16 00:00:00,15568
user_839fxdlb,"Mexico City, Mexico",ar,2023-05-05 00:00:00,15843
user_cju18iix,"Shanghai, China",ja,2023-02-08 00:00:00,20584
user_acjcz2y7,"Tokyo, Japan",en,2023-06-11 00:00:00,35112
user_nwe87ftw,"Chicago, USA",zh,2023-12-16 00:00:00,20021
user_tduwgto2,"London, UK",ja,2023-10-14 00:00:00,27272
user_93hbc8xe,"Mumbai, India",zh,2023-12-23 00:00:00,33087
user_hm5gz5e1,"Vancouver, Canada",fr,2023-10-15 00:00:00,33552
user_kacnf91b,"São Paulo, Brazil",hi,2023-06-13 00:00:00,38771
user_7ai9sd8e,"Munich, Germany",fr,2023-05-20 00:00:00,8361
user_my2pinn7,"Chicago, USA",de,2023-06-05 00:00:00,1038
user_bmay5rsp,"Cairo, Egypt",pt,2023-11-08 00:00:00,30587
user_01mu2x1s,"Toronto, Canada",es,2023-11-02 00:00:00,25887
user_brtwxcm4,"Seoul, South Korea",ar,2023-12-12 00:00:00,1802
user_hs5g35ed,"Lagos, Nigeria",fr,2023-11-13 00:00:00,14960
user_qv5ox0hb,"Rio de Janeiro, Brazil",en,2023-03-01 00:00:00,7724
user_5gi9jn4u,Singapore,en,2023-08-09 00:00:00,16464
user_j7xaj4fm,"Barcelona, Spain",ar,2023-10-06 00:00:00,35153
user_xgtlx302,"Lagos, Nigeria",ru,2023-07-20 00:00:00,42854
user_cax2bqkt,"Milan, Italy",es,2023-02-18 00:00:00,2589
user_0z594tjp,"Lyon, France",zh,2023-02-25 00:00:00,36674
user_bb3ygvae,Singapore,ja,2023-09-13 00:00:00,3302
user_yr80oaxg,"Osaka, Japan",fr,2023-01-09 00:00:00,30039
user_smlx8234,"Mumbai, India",ru,2023-03-07 00:00:00,23563
user_rbvbyj5y,"London, UK",ru,2023-08-24 00:00:00,2857
user_t0w6rkg0,"Melbourne, Australia",ja,2023-06-24 00:00:00,36025
user_k323dctm,"Barcelona, Spain",ar,2023-07-24 00:00:00,13404
user_ldp69jyi,"Houston, USA",en,2023-08-20 00:00:00,10057
user_716l1rz5,"Mexico City, Mexico",zh,2023-09-06 00:00:00,41236
user_c598rgin,"Johannesburg, South Africa",ar,2023-09-23 00:00:00,34632
user_z05ow6gf,"Melbourne, Australia",ja,2023-08-31 00:00:00,40052
user_pa5oa4sx,"Lagos, Nigeria",ar,2023-08-05 00:00:00,42422
user_nfgm6ygg,"London, UK",hi,2023-11-23 00:00:00,44364
user_w3hcoi82,"São Paulo, Brazil",zh,2023-04-17 00:00:00,11287
user_f3mpmelw,"Lagos, Nigeria",es,2023-01-15 00:00:00,42636
user_e4woaioc,"Mexico City, Mexico",ja,2023-05-16 00:00:00,19459
user_gv4hxtvt,"Mexico City, Mexico",pt,2023-09-29 00:00:00,42219
user_qpyuqb17,"Madrid, Spain",es,2023-02-15 00:00:00,3564
user_8gk2so0l,"Melbourne, Australia",hi,2023-11-03 00:00:00,44235
user_ncbd7ffc,"Toronto, Canada",ar,2023-09-03 00:00:00,6667
user_edi9lmxp,"Madrid, Spain",de,2023-10-04 00:00:00,22782
user_vhbx0pma,"Rio de Janeiro, Brazil",zh,2023-10-01 00:00:00,12556
user_35tibb0k,"Shanghai, China",hi,2023-05-28 00:00:00,24318
user_tv6wlfth,"Manchester, UK",pt,2023-01-31 00:00:00,34803
user_bz6biydx,"Barcelona, Spain",hi,2023-11-24 00:00:00,15283
user_extpr91a,"Chicago, USA",fr,2023-02-27 00:00:00,3802
user_98oho4g9,"Berlin, Germany",es,2023-10-21 00:00:00,27521
user_qdztdeac,"Melbourne, Australia",zh,2023-08-27 00:00:00,14266
user_lud7izx7,"Paris, France",ru,2023-01-13 00:00:00,31791
user_jzxknj0a,"Tokyo, Japan",en,2023-07-21 00:00:00,23133
user_krbg23md,"Barcelona, Spain",ja,2023-01-25 00:00:00,31996
user_0j0vawcx,"Houston, USA",ja,2023-08-20 00:00:00,16446
user_ral75hq0,"Shanghai, China",ja,2023-06-01 00:00:00,15628
user_yh4mti67,"Milan, Italy",de,2023-11-04 00:00:00,28053
user_v3gdku2a,"Melbourne, Australia",zh,2023-04-14 00:00:00,39286
user_q3gj5tmv,"Beijing, China",ja,2023-04-17 00:00:00,33820
user_jca45sot,"Mumbai, India",zh,2023-12-07 00:00:00,35921
user_sfnffvo4,"Vancouver, Canada",en,2023-12-15 00:00:00,42582
user_yox4craa,"Melbourne, Australia",ja,2023-04-22 00:00:00,24319
user_yjzkhyez,"Tokyo, Japan",ar,2023-08-20 00:00:00,5089
user_15fd58cq,"Lyon, France",de,2023-08-14 00:00:00,16272
user_kiebkz7i,"Sydney, Australia",hi,2023-06-28 00:00:00,34969
user_us4gqp8w,"Cairo, Egypt",es,2023-06-21 00:00:00,23708
user_oxswrjmr,"Delhi, India",ja,2023-12-12 00:00:00,48467
user_94hehp26,"London, UK",ar,2023-05-02 00:00:00,33258
user_xqqs2vme,"Sydney, Australia",de,2023-05-11 00:00:00,24857
user_sdb7mjpm,"Dubai, UAE",pt,2023-01-27 00:00:00,14894
user_ep20r6t6,"Shanghai, China",de,2023-04-27 00:00:00,12761
user_c66mua3o,"Rome, Italy",hi,2023-05-09 00:00:00,34339
user_7ttenau3,"Milan, Italy",pt,2023-12-10 00:00:00,37288
user_2suxlz6r,"Toronto, Canada",de,2023-06-26 00:00:00,24550
user_34p96r93,"Tokyo, Japan",ru,2023-03-22 00:00:00,40540
user_3l8kzask,"Seoul, South Korea",es,2023-09-10 00:00:00,11009
user_lpjugo20,"Beijing, China",zh,2023-10-30 00:00:00,15848
user_fmv8168w,"Munich, Germany",fr,2023-08-18 00:00:00,32817
user_bf5c7eq4,"Lyon, France",hi,2023-06-04 00:00:00,10579
user_6foacnhi,"Beijing, China",es,2023-04-17 00:00:00,48467
user_ysobum87,"Seoul, South Korea",ar,2023-08-08 00:00:00,34867
user_uha46wkt,"Tokyo, Japan",es,2023-01-12 00:00:00,36894
user_5e327fyv,"Shanghai, China",en,2023-03-27 00:00:00,14216
user_qaysndm3,"Sydney, Australia",ar,2023-01-31 00:00:00,39448
user_dixsdewf,"Beijing, China",es,2023-09-13 00:00:00,45746
user_nsycb2gi,"New York, USA",ja,2023-12-15 00:00:00,49104
user_irfxbf0q,"Johannesburg, South Africa",fr,2023-09-17 00:00:00,3238
user_8i81i0p7,"Los Angeles, USA",en,2023-01-02 00:00:00,49518
user_rbtp63n2,"Munich, Germany",en,2023-12-17 00:00:00,49119
user_4irinnz8,"Los Angeles, USA",ru,2023-06-02 00:00:00,38751
user_ihrxnz9u,"Mexico City, Mexico",fr,2023-12-09 00:00:00,18006
user_ouqw1ta1,"Tokyo, Japan",es,2023-11-21 00:00:00,38452
user_rr1uzkql,"Milan, Italy",de,2023-10-31 00:00:00,1069
user_azj09nr4,"London, UK",es,2023-05-02 00:00:00,40700
user_xg8l4fvi,"Rio de Janeiro, Brazil",hi,2023-06-13 00:00:00,18949
user_5r58l1kr,"Osaka, Japan",zh,2023-09-13 00:00:00,23520
user_2413uvvt,Singapore,es,2023-05-25 00:00:00,18809
user_8776jund,"Delhi, India",en,2023-03-07 00:00:00,21147
user_4wv36fuu,"Osaka, Japan",fr,2023-03-31 00:00:00,23582
user_084pfdpp,"Melbourne, Australia",ar,2023-02-11 00:00:00,33781
user_7m4jcssq,"Rome, Italy",hi,2023-02-26 00:00:00,1114
user_5wc8pv88,Singapore,zh,2023-12-08 00:00:00,39341
user_1fg1p9nd,"Mumbai, India",de,2023-11-30 00:00:00,28852
user_51vr42t3,"Osaka, Japan",ja,2023-08-04 00:00:00,26761
user_3g7d4564,"Johannesburg, South Africa",pt,2023-12-27 00:00:00,36459
user_ofpvkxmw,"Paris, France",ar,2023-10-14 00:00:00,42898
user_42iz424k,"Rio de Janeiro, Brazil",hi,2023-08-30 00:00:00,15154
user_g634p4h2,"Cairo, Egypt",ru,2023-04-15 00:00:00,25978
user_7djuqed1,"Shanghai, China",zh,2023-03-11 00:00:00,26907
user_y6jql5am,"Mexico City, Mexico",en,2023-06-02 00:00:00,46697
user_j3tr99n2,"Osaka, Japan",de,2023-12-17 00:00:00,23154
user_h39vyus8,"Berlin, Germany",pt,2023-01-28 00:00:00,38397
user_kk7dutiy,"Rio de Janeiro, Brazil",en,2023-01-05 00:00:00,19785
user_jslp3nh3,"Paris, France",en,2023-01-08 00:00:00,30660
user_gp93zm40,"Johannesburg, South Africa",es,2023-10-23 00:00:00,9875
user_i6bgsjcr,"Barcelona, Spain",pt,2023-01-14 00:00:00,1654
user_kk8r2fjf,"Rio de Janeiro, Brazil",ar,2023-04-14 00:00:00,12935
user_hq1akhdd,"Osaka, Japan",ja,2023-09-05 00:00:00,10354
user_npcpkikb,"Osaka, Japan",ja,2023-12-20 00:00:00,27589
user_u02jbwra,"London, UK",de,2023-01-24 00:00:00,8141
user_1txxsoau,"Dubai, UAE",ru,2023-05-01 00:00:00,17465
user_fxsobysv,"Sydney, Australia",es,2023-12-17 00:00:00,10948
user_ha9bzru4,"Toronto, Canada",de,2023-04-09 00:00:00,608
user_xe0wxe5p,"Osaka, Japan",de,2023-10-16 00:00:00,15012
user_x87qma0e,"Lagos, Nigeria",fr,2023-03-28 00:00:00,39223
user_j5tr3n1z,"Osaka, Japan",de,2023-07-16 00:00:00,29666
user_m5o36yfr,"Rio de Janeiro, Brazil",ar,2023-08-11 00:00:00,36159
user_248wgev4,"Osaka, Japan",zh,2023-03-16 00:00:00,9888
user_c4qqdoi5,"Sydney, Australia",de,2023-08-09 00:00:00,44786
user_778m0v2w,"Toronto, Canada",hi,2023-11-18 00:00:00,36094
user_st7yzsas,"Lyon, France",ru,2023-08-29 00:00:00,9870
user_cqevrtnt,"Johannesburg, South Africa",ja,2023-12-04 00:00:00,5823
user_57r6dkm6,"Vancouver, Canada",hi,2023-01-19 00:00:00,6699
user_dz860k6t,"Mexico City, Mexico",ru,2023-09-06 00:00:00,22727
user_ja1dmtpu,"Munich, Germany",ar,2023-06-17 00:00:00,32283
user_5jnvufdb,"Delhi, India",de,2023-11-28 00:00:00,47808
user_ff1fie1h,"Munich, Germany",ru,2023-01-15 00:00:00,34366
user_fw6e06ah,"Lyon, France",ja,2023-05-25 00:00:00,25305
user_813rh2sb,"Mexico City, Mexico",de,2023-04-18 00:00:00,16274
user_otnej75v,"Los Angeles, USA",en,2023-02-06 00:00:00,31079
user_j2nrh7s5,"São Paulo, Brazil",ja,2023-07-25 00:00:00,3512
user_s0cvgsc5,"Berlin, Germany",ru,2023-07-20 00:00:00,36087
user_cssz1rea,"Tokyo, Japan",hi,2023-09-09 00:00:00,7863
user_izlngxn6,"Shanghai, China",pt,2023-05-02 00:00:00,44716
user_zjpba9my,"Chicago, USA",es,2023-07-23 00:00:00,37507
user_m41ak7tz,"Shanghai, China",hi,2023-08-30 00:00:00,1498
user_7tzoxyvz,"Paris, France",en,2023-04-01 00:00:00,29119
user_r0nd04lv,"Manchester, UK",hi,2023-08-17 00:00:00,39846
user_58rc29a2,"Munich, Germany",fr,2023-09-28 00:00:00,29379
user_bov4fbd2,"Beijing, China",en,2023-03-25 00:00:00,29205
user_8js3zac5,"Barcelona, Spain",ru,2023-03-15 00:00:00,16218
user_3o7w66o2,"Berlin, Germany",ja,2023-11-28 00:00:00,49944
user_jck2yka1,"Berlin, Germany",en,2023-07-28 00:00:00,47158
user_6p4r01di,"Beijing, China",hi,2023-02-07 00:00:00,41418
user_tssb52vk,"Mumbai, India",ru,2023-07-12 00:00:00,43273
user_i11d4wfo,"Shanghai, China",ar,2023-05-30 00:00:00,43184
user_zlwfitj0,"Chicago, USA",ja,2023-03-06 00:00:00,3699
user_z9n3lwuk,"Mumbai, India",zh,2023-12-20 00:00:00,15158
user_suc2uijv,"Berlin, Germany",pt,2023-11-09 00:00:00,22923
user_31qdm3s9,"Rio de Janeiro, Brazil",pt,2023-12-06 00:00:00,33635
user_t4asqy15,"Houston, USA",ja,2023-02-28 00:00:00,26040
user_ckgkg0br,"São Paulo, Brazil",zh,2023-02-23 00:00:00,16387
user_jnal1xxn,"Los Angeles, USA",zh,2023-10-28 00:00:00,8823
user_3wi6ruy5,"Seoul, South Korea",zh,2023-09-29 00:00:00,28743
user_58if8cys,"Madrid, Spain",ar,2023-12-10 00:00:00,12998
user_vmq5ek39,"Madrid, Spain",pt,2023-05-02 00:00:00,25187
user_pt5esn7d,"Dubai, UAE",zh,2023-05-30 00:00:00,19081
user_0v6j8dal,"Chicago, USA",ru,2023-10-12 00:00:00,33723
user_4glw6rrj,"Mexico City, Mexico",ar,2023-11-17 00:00:00,6004
user_kk1qdsq3,"New York, USA",ru,2023-12-27 00:00:00,32189
user_ipbdrtzc,"São Paulo, Brazil",pt,2023-02-18 00:00:00,27349
user_z6hw1i3y,"Barcelona, Spain",zh,2023-03-25 00:00:00,47636
user_h4lueh1i,"Sydney, Australia",en,2023-12-09 00:00:00,17902
user_0fraxbyo,"Melbourne, Australia",es,2023-11-30 00:00:00,15607
user_x0g342nz,"Houston, USA",ar,2023-02-14 00:00:00,9008
user_mqavwkbn,"Dubai, UAE",en,2023-05-25 00:00:00,36590
user_v0r1gvuj,"Melbourne, Australia",zh,2023-12-25 00:00:00,47233
user_zeija5lf,"Munich, Germany",ar,2023-03-19 00:00:00,41461
user_1qiu13dr,"Milan, Italy",fr,2023-05-14 00:00:00,32906
user_lnbrfbja,"Melbourne, Australia",ru,2023-12-09 00:00:00,48769
user_4si1kva2,"Johannesburg, South Africa",ar,2023-10-08 00:00:00,48682
user_5hllls25,"Houston, USA",en,2023-07-18 00:00:00,44839
user_i7gbnt1o,"Tokyo, Japan",ru,2023-10-01 00:00:00,33650
user_go5yskr8,"Paris, France",pt,2023-06-16 00:00:00,4905
user_bowkbcof,"Los Angeles, USA",ja,2023-03-12 00:00:00,40966
user_9nowwm9z,"Shanghai, China",pt,2023-12-18 00:00:00,43032
user_uozn4bg0,"London, UK",de,2023-10-18 00:00:00,41161
user_g271vgx2,"London, UK",fr,2023-04-12 00:00:00,32504
user_4i8oqswh,"Mumbai, India",fr,2023-05-09 00:00:00,8760
user_golhwj2p,"New York, USA",de,2023-05-30 00:00:00,22862
user_lq94qyn2,"Chicago, USA",en,2023-12-07 00:00:00,33879
user_ghvkvfa7,"Munich, Germany",en,2023-08-31 00:00:00,12899
user_h6g9kjdx,"Delhi, India",de,2023-03-12 00:00:00,2191
user_5s9ifp0y,"Barcelona, Spain",hi,2023-10-29 00:00:00,28412
user_7jzfhdtm,"Delhi, India",zh,2023-09-22 00:00:00,44500
user_m5dvw4i8,"Barcelona, Spain",fr,2023-09-30 00:00:00,2038
user_x2l3g4q0,"Los Angeles, USA",ja,2023-06-20 00:00:00,46088
user_fjvrclrt,"Munich, Germany",ar,2023-05-22 00:00:00,23614
user_przn32mt,"Mumbai, India",ru,2023-04-08 00:00:00,8050
user_5g45dehl,"Rio de Janeiro, Brazil",ar,2023-01-14 00:00:00,26719
user_681nimaz,"Delhi, India",ru,2023-07-15 00:00:00,25239
user_vgfgyt5r,"Chicago, USA",hi,2023-09-08 00:00:00,26413
user_xkt80br3,"Rio de Janeiro, Brazil",ru,2023-11-05 00:00:00,37687
user_b8ysn8r5,"Shanghai, China",hi,2023-09-21 00:00:00,49699
user_lv9ygnvu,"Dubai, UAE",hi,2023-05-25 00:00:00,17426
user_707p97km,"Lyon, France",es,2023-09-08 00:00:00,3039
user_217ifsky,"Dubai, UAE",ja,2023-11-21 00:00:00,45783
user_3yu3mkxs,"Tokyo, Japan",pt,2023-07-19 00:00:00,7564
user_nd1s5fa0,Singapore,en,2023-12-05 00:00:00,29151
user_ern153cu,"Rome, Italy",ar,2023-01-23 00:00:00,25695
user_rohqoenb,"Manchester, UK",en,2023-10-11 00:00:00,7323
user_n7kd29ty,"São Paulo, Brazil",fr,2023-03-21 00:00:00,46705
user_h8g2fyv0,"London, UK",es,2023-07-11 00:00:00,4209
user_olqc0pfx,"Munich, Germany",pt,2023-04-30 00:00:00,19479
user_ittg19ak,"Lyon, France",fr,2023-06-04 00:00:00,32111
user_gdb4jae5,"Milan, Italy",en,2023-11-29 00:00:00,46803
user_ngs7bvtc,"Rio de Janeiro, Brazil",fr,2023-05-05 00:00:00,11568
user_kr0ydzhh,"Barcelona, Spain",fr,2023-06-18 00:00:00,49836
user_yvvywn4j,"Los Angeles, USA",de,2023-02-07 00:00:00,41000
user_5lj3201e,"Seoul, South Korea",pt,2023-09-07 00:00:00,42837
user_vddrbq40,"Mumbai, India",zh,2023-06-07 00:00:00,39243
user_t2547yd6,"Mumbai, India",hi,2023-02-09 00:00:00,8248
user_32g9y8pw,"Beijing, China",ja,2023-08-18 00:00:00,1876
user_u7nyucfk,"Manchester, UK",es,2023-09-27 00:00:00,15321
user_5v4ez5kc,"Mexico City, Mexico",fr,2023-09-06 00:00:00,7011
user_auaf6zqu,"Tokyo, Japan",ja,2023-08-21 00:00:00,8613
user_61lc4emm,"Munich, Germany",pt,2023-11-09 00:00:00,23052
user_750rlmnw,"Mumbai, India",pt,2023-09-03 00:00:00,20546
user_sb41iss4,"Beijing, China",ar,2023-12-19 00:00:00,21850
user_0rnh8g2o,"Beijing, China",ru,2023-08-31 00:00:00,41241
user_t2e8zk5w,"Melbourne, Australia",ar,2023-08-21 00:00:00,28784
user_yqdus3x1,"Seoul, South Korea",en,2023-12-14 00:00:00,39684
user_15i5qfz3,"Osaka, Japan",ja,2023-04-01 00:00:00,6975
user_7ccsgn39,"Barcelona, Spain",zh,2023-07-06 00:00:00,23684
user_g610crca,"São Paulo, Brazil",ar,2023-11-04 00:00:00,41246
user_1egrs2d8,"Sydney, Australia",ja,2023-08-13 00:00:00,17538
user_36v8f0yz,"Mexico City, Mexico",zh,2023-04-26 00:00:00,11654
user_xjul716c,"Mumbai, India",ru,2023-05-12 00:00:00,23780
user_ercb72ke,"Cairo, Egypt",ar,2023-04-09 00:00:00,29120
user_cuzig14g,"Cairo, Egypt",ar,2023-05-15 00:00:00,8070
user_qfjg4dgu,"Rome, Italy",hi,2023-12-03 00:00:00,9926
user_lfwnie3f,"Shanghai, China",ru,2023-04-28 00:00:00,2127
user_nr13gfvy,"Madrid, Spain",zh,2023-05-01 00:00:00,29449
user_aedwfomw,"São Paulo, Brazil",ar,2023-04-28 00:00:00,11678
user_8us9faqu,Singapore,fr,2023-09-11 00:00:00,15904
user_xvjv6y6x,"Los Angeles, USA",es,2023-03-26 00:00:00,13992
user_lpbl0f5y,"Osaka, Japan",ru,2023-12-30 00:00:00,14003
user_i2pgjzdu,"Delhi, India",ru,2023-10-16 00:00:00,36881
user_pgqj40dx,"Toronto, Canada",es,2023-08-18 00:00:00,29989
user_dkrkjvcx,"Melbourne, Australia",ja,2023-08-31 00:00:00,6682
user_y5l4u31p,"Rio de Janeiro, Brazil",en,2023-08-29 00:00:00,44106
user_go6yx0fm,"Berlin, Germany",zh,2023-09-16 00:00:00,20088
user_gq0rypar,"Mumbai, India",zh,2023-03-20 00:00:00,17672
user_wouds22l,"Los Angeles, USA",fr,2023-06-15 00:00:00,44825
user_c7t5ufm1,"Tokyo, Japan",ja,2023-08-02 00:00:00,30697
user_q2y6x6ct,"Delhi, India",zh,2023-04-25 00:00:00,48128
user_8w06w1qu,"Melbourne, Australia",es,2023-11-11 00:00:00,41923
user_pwnr2cuw,"Melbourne, Australia",ja,2023-10-28 00:00:00,20965
user_282w0ezf,"Munich, Germany",fr,2023-10-18 00:00:00,34203
user_5cvmwjfa,"Seoul, South Korea",ru,2023-04-06 00:00:00,38237
user_8o6sps0v,"Chicago, USA",ja,2023-02-27 00:00:00,11740
user_uaxe52m7,"Vancouver, Canada",ru,2023-06-18 00:00:00,42324
user_akhce770,"São Paulo, Brazil",de,2023-11-06 00:00:00,30056
user_i15alzcr,Singapore,pt,2023-07-02 00:00:00,37046
user_d4eat3v3,"Tokyo, Japan",de,2023-07-22 00:00:00,49914
user_jwbcsj0z,"Chicago, USA",fr,2023-10-17 00:00:00,6224
user_k7r639d6,"Rome, Italy",de,2023-05-14 00:00:00,358
user_74hhbvxk,"Johannesburg, South Africa",hi,2023-08-04 00:00:00,45091
user_5ifruk1b,"New York, USA",de,2023-11-15 00:00:00,3442
user_zsdvwipi,"Mexico City, Mexico",ru,2023-12-26 00:00:00,19291
user_fy2c6qch,"Sydney, Australia",pt,2023-11-10 00:00:00,31362
user_lkkaeb12,"Osaka, Japan",en,2023-03-25 00:00:00,36871
user_wdpk36tw,"Shanghai, China",zh,2023-05-22 00:00:00,8351
user_v8qu1p8i,"Vancouver, Canada",ru,2023-11-01 00:00:00,36269
user_1uapaxtp,"Cairo, Egypt",de,2023-10-16 00:00:00,36015
user_l20ptiu5,"Melbourne, Australia",es,2023-11-19 00:00:00,31276
user_ysu054dr,Singapore,de,2023-04-16 00:00:00,13639
user_gxi7j44a,"Barcelona, Spain",zh,2023-07-06 00:00:00,5221
user_mxyu76aq,"Lyon, France",es,2023-03-28 00:00:00,48750
user_3fjv1ho7,"Rio de Janeiro, Brazil",ru,2023-09-17 00:00:00,23418
user_z6qgqt5r,"Beijing, China",ar,2023-10-22 00:00:00,13029
user_n60azzwm,"Los Angeles, USA",en,2023-06-30 00:00:00,16767
user_718ipw64,"Osaka, Japan",es,2023-04-16 00:00:00,46870
user_y0mvxe0c,"Houston, USA",pt,2023-10-17 00:00:00,27658
user_1idhro2x,Singapore,es,2023-05-26 00:00:00,22564
user_z5ziquih,"Rio de Janeiro, Brazil",ja,2023-11-02 00:00:00,23506
user_qiao0yuu,"Milan, Italy",fr,2023-08-16 00:00:00,18414
user_6qudu5ws,"Berlin, Germany",en,2023-03-18 00:00:00,44906
user_2y7586xm,"New York, USA",hi,2023-04-02 00:00:00,19874
user_dcovm3wj,"Mexico City, Mexico",fr,2023-09-21 00:00:00,41224
user_7xmgfrdi,"Seoul, South Korea",en,2023-08-07 00:00:00,7428
user_15lozcpe,"Mexico City, Mexico",zh,2023-07-28 00:00:00,44345
user_wv8uyimq,"Los Angeles, USA",ja,2023-05-11 00:00:00,5498
user_72satzpm,"Osaka, Japan",fr,2023-11-07 00:00:00,45295
user_e8m3xd6h,"Osaka, Japan",fr,2023-04-21 00:00:00,40451
user_cgwp945e,"São Paulo, Brazil",de,2023-02-22 00:00:00,38693
user_14ibkds2,Singapore,ar,2023-06-26 00:00:00,7361
user_hl5t4pj7,"Shanghai, China",fr,2023-09-12 00:00:00,6995
user_8ana73xc,"Houston, USA",pt,2023-04-23 00:00:00,28463
user_puypdmp1,"Milan, Italy",zh,2023-12-29 00:00:00,13965
user_g37hrbp3,"Cairo, Egypt",ja,2023-10-29 00:00:00,6699
user_fietp9xk,"Shanghai, China",ru,2023-09-30 00:00:00,40252
user_i1cf6it0,"Los Angeles, USA",ru,2023-08-28 00:00:00,15096
user_gqley07k,"São Paulo, Brazil",hi,2023-12-04 00:00:00,23356
user_acrnl9py,"Vancouver, Canada",zh,2023-01-24 00:00:00,5971
user_xi0hyp64,"Barcelona, Spain",en,2023-11-14 00:00:00,5346
user_gixgrawk,"São Paulo, Brazil",fr,2023-06-25 00:00:00,23531
user_l7r2bz9p,Singapore,hi,2023-09-06 00:00:00,44363
user_w5e6fyqi,"Rome, Italy",ar,2023-09-01 00:00:00,22994
user_634lriof,"London, UK",ja,2023-01-21 00:00:00,12327
user_z9zzi99c,"New York, USA",hi,2023-03-07 00:00:00,27660
user_xy18u6gg,"Milan, Italy",pt,2023-11-11 00:00:00,22786
user_4f8xfwc5,"Beijing, China",ja,2023-03-23 00:00:00,14834
user_pdbi7llj,"Johannesburg, South Africa",fr,2023-08-20 00:00:00,789
user_ho2plm16,"Houston, USA",en,2023-11-28 00:00:00,37616
user_zrm2zekc,"Rio de Janeiro, Brazil",pt,2023-05-29 00:00:00,6381
user_tq6e1kd2,"Melbourne, Australia",pt,2023-03-06 00:00:00,48440
user_egkvyaal,"Beijing, China",zh,2023-08-27 00:00:00,47080
user_wggdllvb,"Barcelona, Spain",fr,2023-12-01 00:00:00,42749
user_vbe572r4,"Mumbai, India",es,2023-12-12 00:00:00,19318
user_g5a3zs71,"Lyon, France",fr,2023-12-06 00:00:00,26819
user_vzy4krml,"Sydney, Australia",fr,2023-12-24 00:00:00,6272
user_bnswpe65,"Sydney, Australia",hi,2023-08-17 00:00:00,20002
user_7selb7kr,"Rio de Janeiro, Brazil",de,2023-11-18 00:00:00,28542
user_u98jwp3f,"Chicago, USA",zh,2023-04-20 00:00:00,49936
user_r8fgmygb,"London, UK",zh,2023-09-19 00:00:00,5462
user_1nt0zhsu,"Toronto, Canada",ru,2023-10-24 00:00:00,45771
user_498vaurf,"Dubai, UAE",zh,2023-02-24 00:00:00,39939
user_jpjfe0mm,"Lyon, France",en,2023-10-11 00:00:00,26099
user_c6x0yszg,"Melbourne, Australia",ar,2023-04-13 00:00:00,48384
user_ec3q4urm,"Cairo, Egypt",zh,2023-02-14 00:00:00,26940
user_hfqxjqrc,"Vancouver, Canada",en,2023-12-09 00:00:00,39278
user_eocjg4nr,"Johannesburg, South Africa",es,2023-08-13 00:00:00,7268
user_16e488cy,"Madrid, Spain",hi,2023-01-19 00:00:00,30617
user_v469etxv,Singapore,fr,2023-11-15 00:00:00,23469
user_fqfldx38,"Melbourne, Australia",ru,2023-01-26 00:00:00,25120
user_k3wqnnz3,"Lagos, Nigeria",ja,2023-05-29 00:00:00,41608
user_8css3app,"Chicago, USA",en,2023-01-27 00:00:00,24506
user_i1e1kek5,"Vancouver, Canada",zh,2023-10-01 00:00:00,46765
user_zq2nib62,"Delhi, India",ja,2023-08-05 00:00:00,5153
user_ffgz3fqf,"Los Angeles, USA",ja,2023-04-05 00:00:00,39085
user_aygdsxd5,"Beijing, China",fr,2023-07-08 00:00:00,11602
user_peh5363f,"Munich, Germany",ja,2023-09-08 00:00:00,5225
user_mb4v71r8,"Manchester, UK",fr,2023-02-01 00:00:00,34078
user_g4wvcqoa,"Delhi, India",de,2023-07-13 00:00:00,20556
user_r46af80k,"Berlin, Germany",pt,2023-12-08 00:00:00,25928
user_c66o14p3,"Osaka, Japan",ja,2023-01-04 00:00:00,24996
user_g8q08z4s,"Seoul, South Korea",es,2023-02-14 00:00:00,19765
user_y0v0eo61,"Berlin, Germany",hi,2023-01-03 00:00:00,12771
user_t7fnjde0,"Rome, Italy",zh,2023-09-21 00:00:00,15051
user_q6zxw0b0,"Mumbai, India",hi,2023-03-11 00:00:00,11339
user_y2kevkc6,"Shanghai, China",ru,2023-06-13 00:00:00,23145
user_5td0e1us,Singapore,en,2023-02-14 00:00:00,6747
user_avt1fzq5,"São Paulo, Brazil",ar,2023-06-03 00:00:00,47923
user_l9mm6sge,"Munich, Germany",en,2023-04-04 00:00:00,19754
user_tjmmxujl,"São Paulo, Brazil",hi,2023-10-08 00:00:00,6675
user_cp951gop,"Houston, USA",ar,2023-06-24 00:00:00,31879
user_gv4jqg3n,"Toronto, Canada",es,2023-08-27 00:00:00,27493
user_maxv53zu,"Melbourne, Australia",zh,2023-06-08 00:00:00,40782
user_bs6fwfa7,"Sydney, Australia",pt,2023-01-14 00:00:00,8103
user_zgfowqqb,"Munich, Germany",de,2023-11-30 00:00:00,34765
user_ujllj1n7,"Chicago, USA",es,2023-12-04 00:00:00,49855
user_17wg6hsy,"Lagos, Nigeria",pt,2023-10-27 00:00:00,19199
user_pwkizrc1,Singapore,hi,2023-04-15 00:00:00,12613
user_4zp9ao9r,"Berlin, Germany",de,2023-05-25 00:00:00,11678
user_mtg94j65,Singapore,es,2023-01-09 00:00:00,20212
user_tmjtxubu,"Seoul, South Korea",ja,2023-05-07 00:00:00,48104
user_l29bqzje,"Mumbai, India",de,2023-05-20 00:00:00,14125
user_7fzzash4,"Milan, Italy",ar,2023-07-11 00:00:00,15535
user_66dni3rx,"Manchester, UK",en,2023-08-08 00:00:00,2893
user_owjibgyy,"Barcelona, Spain",en,2023-04-04 00:00:00,30139
user_tyte2cxw,"Chicago, USA",ru,2023-08-29 00:00:00,7823
user_skkg3n6w,"Lagos, Nigeria",fr,2023-11-20 00:00:00,43957
user_gxehbnkq,"Tokyo, Japan",ru,2023-07-02 00:00:00,44124
user_he4o0aak,"Paris, France",ja,2023-01-04 00:00:00,42872
user_eq3xvzzh,"Cairo, Egypt",zh,2023-11-19 00:00:00,8670
user_qobhni7e,"Lyon, France",es,2023-01-26 00:00:00,17295
user_x24wilk1,"London, UK",ru,2023-09-12 00:00:00,35907
user_1r0kftmv,"Los Angeles, USA",ru,2023-06-11 00:00:00,5380
user_pd05k44w,"Dubai, UAE",es,2023-08-19 00:00:00,7370
user_5wmdl0y4,"Dubai, UAE",hi,2023-07-11 00:00:00,49404
user_0q7j2ayv,"Rio de Janeiro, Brazil",pt,2023-01-17 00:00:00,23427
user_mpu4oig7,"Osaka, Japan",ja,2023-02-28 00:00:00,23515
user_wv2z6vw8,"Milan, Italy",ar,2023-02-06 00:00:00,28937
user_nha6qskx,"Osaka, Japan",de,2023-11-07 00:00:00,38177
user_e4rss07t,"Houston, USA",ja,2023-07-24 00:00:00,578
user_2s55cc9o,"Melbourne, Australia",ja,2023-01-15 00:00:00,33673
user_5l88n5x2,"Tokyo, Japan",ru,2023-08-16 00:00:00,8779
user_w7032rkh,"Dubai, UAE",zh,2023-11-26 00:00:00,16258
user_yo4lkmee,"Manchester, UK",ar,2023-08-31 00:00:00,32712
user_x2t8qu7s,"Manchester, UK",en,2023-05-22 00:00:00,32551
user_r9b95awv,"Houston, USA",ar,2023-08-01 00:00:00,19206
user_4oo5d5h3,"São Paulo, Brazil",ja,2023-04-14 00:00:00,13017
user_sypzgjkq,"Houston, USA",es,2023-01-08 00:00:00,251
user_8wk0j5ae,"Los Angeles, USA",zh,2023-11-01 00:00:00,36943
user_cgba70jv,"Chicago, USA",fr,2023-05-19 00:00:00,24984
user_rscyqide,"Shanghai, China",es,2023-02-13 00:00:00,4478
user_w8tmoixg,"Dubai, UAE",ru,2023-05-06 00:00:00,26227
user_nz4b01j0,"Munich, Germany",ru,2023-07-07 00:00:00,19419
user_kdpzdt3l,"Manchester, UK",ar,2023-10-03 00:00:00,8661
user_ul9vcts3,"Madrid, Spain",ar,2023-10-25 00:00:00,36347
user_wn6shb1b,"Melbourne, Australia",ar,2023-04-17 00:00:00,34188
user_l69l878q,"Milan, Italy",pt,2023-04-11 00:00:00,5305
user_rj984hbd,"Los Angeles, USA",pt,2023-11-20 00:00:00,29909
user_b0i0cdr4,"Munich, Germany",zh,2023-06-27 00:00:00,18616
user_7nemrhnp,"Tokyo, Japan",ar,2023-08-21 00:00:00,33408
user_k4pr4zkz,"Dubai, UAE",pt,2023-10-22 00:00:00,33474
user_4mf7je2u,"Seoul, South Korea",es,2023-12-29 00:00:00,36544
user_ufolriaa,"Manchester, UK",fr,2023-01-31 00:00:00,13928
user_ei2dj82r,"Beijing, China",en,2023-12-31 00:00:00,39910
user_6e99lerx,"Berlin, Germany",zh,2023-06-09 00:00:00,25366
user_kvu7ljf2,"São Paulo, Brazil",es,2023-06-18 00:00:00,15383
user_vebae5wn,"Melbourne, Australia",ja,2023-11-08 00:00:00,26919
user_jrqo44md,"Munich, Germany",en,2023-10-01 00:00:00,3826
user_sk29dqyu,"Lagos, Nigeria",ar,2023-11-04 00:00:00,18327
user_4f8e57uf,"Paris, France",de,2023-07-28 00:00:00,38172
user_rogn8kmu,"Vancouver, Canada",en,2023-01-27 00:00:00,21664
user_2lslaaod,"Lyon, France",pt,2023-07-10 00:00:00,7105
user_kq59zq55,"Delhi, India",zh,2023-01-07 00:00:00,7868
user_p1ckbgu0,"Beijing, China",hi,2023-02-17 00:00:00,844
user_7walmm9o,"Toronto, Canada",ar,2023-07-25 00:00:00,40824
user_0lbnqegj,"Osaka, Japan",ru,2023-03-30 00:00:00,6358
user_zhiuj226,"Delhi, India",hi,2023-11-19 00:00:00,40671
user_mzrknkeu,"Manchester, UK",en,2023-12-21 00:00:00,24439
user_gl6nmk6h,"Rome, Italy",de,2023-09-22 00:00:00,6996
user_qw0xi52z,"New York, USA",fr,2023-08-10 00:00:00,48086
user_potbol01,"Munich, Germany",hi,2023-10-21 00:00:00,26392
user_14r9qzdz,"Madrid, Spain",ar,2023-04-07 00:00:00,16489
user_lvmec9t6,"Los Angeles, USA",ja,2023-03-31 00:00:00,7089
user_2wy1g2f0,"London, UK",en,2023-02-19 00:00:00,5197
user_54ebzr3z,"London, UK",zh,2023-08-30 00:00:00,606
user_u7cey8cm,"Mumbai, India",fr,2023-05-23 00:00:00,32295
user_uerv85na,"Rome, Italy",de,2023-04-30 00:00:00,1824
user_bqmsj27g,"Lyon, France",ru,2023-08-29 00:00:00,30740
user_2tbdto09,"Melbourne, Australia",es,2023-01-17 00:00:00,15224
user_outa8g9m,"Milan, Italy",es,2023-03-31 00:00:00,6019
user_swf9alie,"Dubai, UAE",es,2023-10-27 00:00:00,23651
user_6aqnsm4k,"Los Angeles, USA",ar,2023-11-19 00:00:00,18647
user_jh3b8sqc,"São Paulo, Brazil",zh,2023-02-23 00:00:00,7366
user_4ofue7ij,"Vancouver, Canada",hi,2023-04-01 00:00:00,25917
user_wyeb78qv,"Dubai, UAE",pt,2023-09-02 00:00:00,24634
user_zg4kjiw1,"Rome, Italy",ja,2023-03-05 00:00:00,35298
user_k50p8lf4,"Berlin, Germany",es,2023-07-02 00:00:00,10744
user_njtvacei,"Dubai, UAE",fr,2023-09-13 00:00:00,8100
user_6q9v2e5a,"Milan, Italy",pt,2023-01-07 00:00:00,35445
user_sc48kef8,"Vancouver, Canada",en,2023-03-01 00:00:00,14772
user_rfx3nz4u,"London, UK",de,2023-01-23 00:00:00,20354
user_tmvu514q,"New York, USA",es,2023-02-28 00:00:00,42732
user_q4xj4dj6,"Beijing, China",pt,2023-02-03 00:00:00,29536
user_asywpn6e,"Paris, France",en,2023-06-20 00:00:00,28990
user_wwjfzbxm,"Paris, France",pt,2023-04-10 00:00:00,2328
user_ffnoykfo,"Barcelona, Spain",pt,2023-02-07 00:00:00,37122
user_vwiysddq,"Chicago, USA",ar,2023-02-04 00:00:00,32766
user_o8le7hqf,"Paris, France",zh,2023-06-26 00:00:00,13313
user_jm7686o2,"Rome, Italy",en,2023-03-23 00:00:00,3152
user_0jp66e6p,"São Paulo, Brazil",es,2023-06-21 00:00:00,21437
user_45oah4w1,"Tokyo, Japan",hi,2023-09-25 00:00:00,43306
user_x3ozm1i6,"Lagos, Nigeria",ru,2023-08-02 00:00:00,39598
user_8ryfkdug,"Mumbai, India",hi,2023-08-07 00:00:00,34796
user_d3ymednx,"Lyon, France",zh,2023-07-27 00:00:00,17904
user_4jixdawy,"Barcelona, Spain",pt,2023-01-01 00:00:00,3507
user_oarrz3h1,"Los Angeles, USA",de,2023-09-07 00:00:00,36319
user_z5l7dqzu,"Delhi, India",fr,2023-03-31 00:00:00,22128
user_pnb7ohhm,"Delhi, India",ru,2023-01-16 00:00:00,23748
user_wb4t2r58,"Chicago, USA",es,2023-02-28 00:00:00,8509
user_nlubv6mf,"Vancouver, Canada",fr,2023-08-18 00:00:00,41962
user_i52at5kz,"Vancouver, Canada",pt,2023-05-11 00:00:00,5608
user_44h4xl31,"Houston, USA",ru,2023-11-12 00:00:00,48691
user_skl4j2ok,Singapore,ar,2023-02-24 00:00:00,47412
user_2a9bu71t,"Los Angeles, USA",fr,2023-08-15 00:00:00,20046
user_37dj1hp7,"Dubai, UAE",fr,2023-08-11 00:00:00,28253
user_cbswmk3b,"Beijing, China",ru,2023-02-22 00:00:00,8109
user_rifmkpck,"Mumbai, India",ar,2023-01-06 00:00:00,1074
user_t38nl55r,"Berlin, Germany",ja,2023-06-09 00:00:00,6743
user_wbk1x0kc,"Vancouver, Canada",fr,2023-01-06 00:00:00,41361
user_9r55gqow,"Cairo, Egypt",es,2023-08-20 00:00:00,29901
user_bqemwj0m,"Dubai, UAE",fr,2023-01-01 00:00:00,14780
user_7rdiojrn,"Mumbai, India",ja,2023-12-17 00:00:00,40870
user_44c2rr04,"Mumbai, India",ar,2023-10-26 00:00:00,33035
user_zmk7o7v0,"Mexico City, Mexico",ru,2023-06-23 00:00:00,14414
user_sq4ch5k2,"Chicago, USA",en,2023-12-30 00:00:00,11867
user_fbi471s9,"Shanghai, China",fr,2023-10-30 00:00:00,2778
user_v4g3pbbm,"Chicago, USA",zh,2023-08-10 00:00:00,24691
user_ukynz4tc,"Tokyo, Japan",ja,2023-06-26 00:00:00,32068
user_w4p8zi5g,"Madrid, Spain",hi,2023-02-10 00:00:00,7103
user_ear3km1w,"Barcelona, Spain",ru,2023-08-01 00:00:00,2797
user_0xl8jeow,"Dubai, UAE",pt,2023-02-14 00:00:00,24454
user_bexy30h4,"Mumbai, India",en,2023-04-14 00:00:00,44016
user_tdtogzrh,"Paris, France",hi,2023-12-01 00:00:00,42085
user_qztfr35l,"Vancouver, Canada",ar,2023-01-29 00:00:00,39486
user_yti77nnr,"Toronto, Canada",en,2023-05-15 00:00:00,24728
user_yu2w96i5,"Delhi, India",hi,2023-03-19 00:00:00,9772
user_056jjlrt,Singapore,ja,2023-01-16 00:00:00,41352
user_kywmd97r,"Cairo, Egypt",ar,2023-05-26 00:00:00,47309
user_mc45jax7,"Madrid, Spain",en,2023-08-09 00:00:00,32003
user_9ah9kjau,"Beijing, China",fr,2023-11-10 00:00:00,43313
user_skyrjwge,"Chicago, USA",en,2023-09-25 00:00:00,17357
user_8rtb88jl,"Mexico City, Mexico",ru,2023-07-23 00:00:00,15053
user_ml9aeuua,"Beijing, China",ja,2023-02-02 00:00:00,37131
user_1ol09hyk,"Sydney, Australia",ru,2023-10-11 00:00:00,42907
user_5a2qumkk,"Madrid, Spain",es,2023-04-06 00:00:00,45960
user_2515g13o,"Melbourne, Australia",fr,2023-12-05 00:00:00,25991
user_nceqgt3f,"Toronto, Canada",es,2023-04-26 00:00:00,41263
user_a0bf0ref,"Madrid, Spain",pt,2023-11-25 00:00:00,29706
user_pepwpd8e,"Lyon, France",pt,2023-05-27 00:00:00,4752
user_evp5iscs,"Shanghai, China",es,2023-11-27 00:00:00,20700
user_ubmd2e2f,"Madrid, Spain",zh,2023-01-26 00:00:00,40338
user_2a5282v7,"Toronto, Canada",hi,2023-10-13 00:00:00,18564
user_ypmvx9m4,"Manchester, UK",es,2023-01-19 00:00:00,35088
user_8relh62l,"Munich, Germany",zh,2023-08-19 00:00:00,1151
user_nkptgzfk,"Paris, France",ja,2023-09-09 00:00:00,38786
user_ze63it02,"Milan, Italy",ja,2023-04-06 00:00:00,37116
user_rv5qhh6q,"Manchester, UK",pt,2023-03-23 00:00:00,5256
user_4kq6t8bb,"Seoul, South Korea",en,2023-05-08 00:00:00,38929
user_8az9uasg,"Cairo, Egypt",zh,2023-10-24 00:00:00,6263
user_nj30zbtv,"Mumbai, India",de,2023-01-17 00:00:00,18202
user_38xako3d,"Johannesburg, South Africa",en,2023-05-20 00:00:00,26614
user_kz59girv,"Dubai, UAE",pt,2023-08-19 00:00:00,48794
user_h7u7wi0n,"Delhi, India",ja,2023-06-17 00:00:00,37912
user_yrth0u5v,"Milan, Italy",hi,2023-08-21 00:00:00,6499
user_aaiari8o,"Rome, Italy",ar,2023-08-18 00:00:00,16038
user_wf6fogvd,"Osaka, Japan",de,2023-09-12 00:00:00,48576
user_ywa69u1f,"Milan, Italy",zh,2023-09-30 00:00:00,21259
user_df7hi7fy,"London, UK",ja,2023-09-05 00:00:00,25475
user_7jn7qu75,"Sydney, Australia",ja,2023-07-14 00:00:00,25306
user_dtqoi70v,"New York, USA",en,2023-03-21 00:00:00,43807
user_pk1ptdj4,"Dubai, UAE",ru,2023-11-16 00:00:00,48116
user_yx62v2ol,"Delhi, India",fr,2023-06-08 00:00:00,21569
user_hko8pxwz,"Chicago, USA",es,2023-03-08 00:00:00,42258
user_jnknxe13,"Lagos, Nigeria",ar,2023-08-30 00:00:00,35496
user_hdwsy3nf,"Vancouver, Canada",fr,2023-03-28 00:00:00,10597
user_ga23fa19,"Toronto, Canada",fr,2023-08-11 00:00:00,17759
user_e68x1vfa,"New York, USA",hi,2023-05-18 00:00:00,14402
user_40dkmjju,"Delhi, India",ru,2023-09-15 00:00:00,24631
user_cdzp4vm2,"Beijing, China",ru,2023-05-22 00:00:00,11187
user_3u7xgcuc,"Rome, Italy",fr,2023-10-06 00:00:00,11332
user_4mu1c80o,"Houston, USA",fr,2023-05-13 00:00:00,11711
user_7vqtuvea,"Milan, Italy",fr,2023-04-29 00:00:00,29183
user_j5l1l3j3,"Milan, Italy",ja,2023-08-03 00:00:00,24370
user_t635oen6,"Johannesburg, South Africa",ru,2023-09-17 00:00:00,4167
user_8svvq28t,"Tokyo, Japan",de,2023-07-11 00:00:00,14540
user_a3pgcgw9,"São Paulo, Brazil",ru,2023-01-05 00:00:00,9882
user_c6zjvhsi,"Munich, Germany",pt,2023-08-30 00:00:00,20781
user_mzxfajfz,Singapore,hi,2023-02-28 00:00:00,24372
user_04aagjp1,"Rio de Janeiro, Brazil",de,2023-10-31 00:00:00,19180
user_fhm7i47h,"Beijing, China",hi,2023-06-20 00:00:00,43143
user_y0232w01,"Johannesburg, South Africa",fr,2023-04-01 00:00:00,14198
user_reqsqicb,"Toronto, Canada",hi,2023-03-04 00:00:00,49432
user_aqe9wzh2,"New York, USA",pt,2023-11-27 00:00:00,34088
user_ff9hvncb,"Madrid, Spain",hi,2023-04-23 00:00:00,44674
user_2cw1ku4n,"Osaka, Japan",fr,2023-09-03 00:00:00,21168
user_37efz59m,Singapore,pt,2023-09-02 00:00:00,43780
user_txrypced,"Rome, Italy",de,2023-05-28 00:00:00,2479
user_kuoam2mf,"Toronto, Canada",fr,2023-12-18 00:00:00,47454
user_bcl4gqby,"São Paulo, Brazil",ar,2023-05-11 00:00:00,20758
user_y5urixy6,"Munich, Germany",pt,2023-12-26 00:00:00,445
user_02sm9ly7,"Seoul, South Korea",ru,2023-10-12 00:00:00,48317
user_9ksxfq3r,"Manchester, UK",zh,2023-03-18 00:00:00,49368
user_ovph1ui0,"New York, USA",de,2023-11-11 00:00:00,41310
user_pywq9u0v,"Dubai, UAE",zh,2023-12-27 00:00:00,21892
user_q8v94nlh,"Houston, USA",ar,2023-07-16 00:00:00,21147
user_cfz014a5,"Munich, Germany",zh,2023-12-06 00:00:00,44736
user_1gol317c,"Shanghai, China",ru,2023-06-04 00:00:00,10814
user_8c2t4hs8,"Rome, Italy",es,2023-02-01 00:00:00,7988
user_m8iw7i4v,"Toronto, Canada",ar,2023-01-13 00:00:00,38283
user_ft4u9ffd,"Los Angeles, USA",pt,2023-09-02 00:00:00,48667
user_52k9e623,"Rome, Italy",ja,2023-05-23 00:00:00,23441
user_alnj3vsd,"New York, USA",ja,2023-11-16 00:00:00,28413
user_oy2uc0b2,"Madrid, Spain",hi,2023-10-24 00:00:00,19124
user_7m4u5drn,"Rio de Janeiro, Brazil",pt,2023-02-20 00:00:00,40653
user_1s351pwn,"Mexico City, Mexico",es,2023-04-15 00:00:00,13971
user_xw9kkgik,"Lagos, Nigeria",de,2023-06-04 00:00:00,12357
user_8bcte4x2,"São Paulo, Brazil",ja,2023-10-31 00:00:00,46936
user_uyyao98x,"Chicago, USA",hi,2023-01-11 00:00:00,11625
user_ogtvuuki,"Cairo, Egypt",es,2023-12-13 00:00:00,4459
user_pmor94x3,"Mumbai, India",zh,2023-03-24 00:00:00,7510
user_h8y1m5k9,"Barcelona, Spain",en,2023-02-09 00:00:00,38418
user_fchpzhlh,"Shanghai, China",pt,2023-08-03 00:00:00,24220
user_00evmn72,"Johannesburg, South Africa",hi,2023-03-28 00:00:00,28265
user_d88b8qoh,"São Paulo, Brazil",en,2023-02-12 00:00:00,1569
user_eies3y7t,"Rio de Janeiro, Brazil",es,2023-10-27 00:00:00,8695
user_r7rpurvq,"Los Angeles, USA",hi,2023-09-27 00:00:00,2812
user_iydubon4,"Toronto, Canada",hi,2023-11-25 00:00:00,3178
user_ytwjdefg,"Mumbai, India",zh,2023-01-11 00:00:00,8878
user_1in5bvdf,Singapore,ar,2023-09-16 00:00:00,7749
user_j4z9koyz,"Shanghai, China",zh,2023-05-23 00:00:00,20300
user_n59vpv83,"New York, USA",hi,2023-10-21 00:00:00,32421
user_wr2785sn,"New York, USA",ar,2023-12-05 00:00:00,12713
user_gpq94odr,"London, UK",ar,2023-02-02 00:00:00,39793
user_49claaw8,"Milan, Italy",de,2023-10-22 00:00:00,36636
user_gyx5gifk,"Vancouver, Canada",es,2023-04-29 00:00:00,3302
user_rm8c3wgs,"Milan, Italy",ar,2023-05-19 00:00:00,23940
user_5t7flftu,"Beijing, China",ru,2023-09-06 00:00:00,24133
user_a2a9oe87,Singapore,ru,2023-10-16 00:00:00,27688
user_gb2vq8n8,Singapore,en,2023-06-17 00:00:00,22892
user_yn18x47n,"Cairo, Egypt",hi,2023-04-24 00:00:00,16381
user_6gy6nrlo,"Mumbai, India",hi,2023-04-25 00:00:00,17618
user_m3w9lbt0,"Seoul, South Korea",zh,2023-10-27 00:00:00,24034
user_kgeoogvo,"Chicago, USA",en,2023-10-14 00:00:00,39218
user_5n6jz0q7,Singapore,es,2023-10-19 00:00:00,21262
user_hln16pdf,"Delhi, India",ar,2023-09-13 00:00:00,31944
user_bf0xs7co,Singapore,ru,2023-08-24 00:00:00,39894
user_0digod7y,"Cairo, Egypt",ar,2023-07-31 00:00:00,27536
user_086yixlz,"Paris, France",ar,2023-04-29 00:00:00,36105
user_ji15uy0l,"London, UK",zh,2023-09-07 00:00:00,44142
user_sumcbxzj,"Toronto, Canada",ja,2023-05-01 00:00:00,27073
user_ruzvsfpj,"Beijing, China",en,2023-11-23 00:00:00,7098
user_5jzr83cf,"Sydney, Australia",ja,2023-09-30 00:00:00,28802
user_s7fkmb0p,"Houston, USA",ar,2023-07-14 00:00:00,35780
user_3cp9v5hy,"Johannesburg, South Africa",de,2023-05-26 00:00:00,11273
user_z2r9v1ms,"Los Angeles, USA",es,2023-06-16 00:00:00,1897
user_t4qd1q5j,"London, UK",ja,2023-06-01 00:00:00,18639
user_v20bhdbp,"Barcelona, Spain",es,2023-06-02 00:00:00,6540
user_najfasrj,"London, UK",ja,2023-12-01 00:00:00,3919
user_xjkv8d43,"Houston, USA",hi,2023-07-12 00:00:00,13651
user_oaiwrlyl,"Rio de Janeiro, Brazil",fr,2023-08-05 00:00:00,29790
user_vhsumg9c,"Dubai, UAE",ru,2023-08-28 00:00:00,32650
user_pbn2tgep,"Paris, France",fr,2023-03-01 00:00:00,38343
user_lpaf67a1,"Los Angeles, USA",de,2023-07-18 00:00:00,47406
user_3m0fddpp,"Toronto, Canada",fr,2023-03-01 00:00:00,327
user_52mjcujd,"Chicago, USA",en,2023-12-25 00:00:00,20543
user_4a0layyx,"Johannesburg, South Africa",zh,2023-04-04 00:00:00,39364
user_96uhzseg,"London, UK",ar,2023-04-24 00:00:00,27186
user_e6tqf43a,"Beijing, China",fr,2023-10-13 00:00:00,30497
user_4ol58cyf,"Lyon, France",fr,2023-12-24 00:00:00,22618
user_w4tb9pr9,"Los Angeles, USA",pt,2023-11-25 00:00:00,47532
user_tl3fefo0,"Tokyo, Japan",ar,2023-12-02 00:00:00,11653
user_9v1fxe3b,"Houston, USA",ru,2023-06-04 00:00:00,33330
user_lafp17kc,"Shanghai, China",zh,2023-05-14 00:00:00,40151
user_pp3dgfak,"Seoul, South Korea",es,2023-10-01 00:00:00,109
user_pr7bcf45,"Chicago, USA",fr,2023-08-05 00:00:00,30128
user_nk06mmye,"Beijing, China",ru,2023-01-31 00:00:00,34221
user_22etnc8h,"Berlin, Germany",de,2023-02-10 00:00:00,41143
user_5gxidbb7,"Houston, USA",pt,2023-12-14 00:00:00,37766
user_wr3q3r0o,"Berlin, Germany",zh,2023-05-18 00:00:00,17020
user_qrddznnv,"Berlin, Germany",de,2023-05-31 00:00:00,7821
user_ku7fboeu,"Osaka, Japan",ja,2023-08-26 00:00:00,41538
user_9m6lzkx0,"Paris, France",zh,2023-12-01 00:00:00,15072
user_tjzr3rrj,"New York, USA",fr,2023-05-26 00:00:00,5652
user_c2tfuv1t,"Houston, USA",ru,2023-01-18 00:00:00,339
user_6fijt4ks,"Lyon, France",hi,2023-02-28 00:00:00,44023
user_1depqq3s,"Vancouver, Canada",fr,2023-09-19 00:00:00,22365
user_zwtxksrs,"Houston, USA",es,2023-12-13 00:00:00,1009
user_j9uoodiz,"New York, USA",ja,2023-05-03 00:00:00,15236
user_1461f2hf,"Lagos, Nigeria",ar,2023-03-18 00:00:00,44644
user_kzbok9uv,"Beijing, China",fr,2023-07-07 00:00:00,11473
user_egbm0x5r,"Manchester, UK",pt,2023-12-22 00:00:00,8593
user_os4zasf3,"Toronto, Canada",ru,2023-05-09 00:00:00,11237
user_zeatlk93,"Mexico City, Mexico",ar,2023-11-22 00:00:00,17607
user_ysbkmmxf,"Toronto, Canada",ja,2023-03-31 00:00:00,46203
user_vfz790ui,"Delhi, India",ja,2023-08-19 00:00:00,39245
user_4ald4jkl,"Beijing, China",pt,2023-06-27 00:00:00,45703
user_d9971ba6,"Dubai, UAE",hi,2023-03-27 00:00:00,13964
user_cwh9v5dk,"Munich, Germany",en,2023-09-08 00:00:00,17364
user_lyccsofd,"Manchester, UK",hi,2023-10-06 00:00:00,10310
user_zbmsjsbn,"Shanghai, China",ru,2023-12-04 00:00:00,25016
user_5exkshy7,"Rio de Janeiro, Brazil",ja,2023-09-19 00:00:00,43729
user_zdj1d4y5,"London, UK",es,2023-01-06 00:00:00,11492
user_op7k2mli,"Tokyo, Japan",en,2023-01-13 00:00:00,24762
user_pvhgwztj,"Munich, Germany",hi,2023-10-28 00:00:00,39975
user_pg17nta6,"Los Angeles, USA",de,2023-07-12 00:00:00,2363
user_omum896s,"Rome, Italy",de,2023-01-07 00:00:00,1160
user_488o0j8b,"Sydney, Australia",en,2023-07-06 00:00:00,33551
user_jlw733x7,"Shanghai, China",ar,2023-08-10 00:00:00,39303
user_0xdo28q7,"Vancouver, Canada",ja,2023-06-20 00:00:00,21353
user_uo5emkil,"Barcelona, Spain",de,2023-01-22 00:00:00,21276
user_kbdvf8d6,"Tokyo, Japan",es,2023-01-14 00:00:00,4645
user_zfhfi8vl,"Los Angeles, USA",hi,2023-11-11 00:00:00,25841
user_vu9y0rv6,"Madrid, Spain",fr,2023-07-31 00:00:00,45870
user_bxly4qsk,"Melbourne, Australia",de,2023-06-09 00:00:00,37124
user_8ko1uayz,"Mumbai, India",ar,2023-10-16 00:00:00,26642
user_cgjc9dik,"Los Angeles, USA",ja,2023-06-26 00:00:00,14179
user_ugd6vymw,"Rome, Italy",hi,2023-10-31 00:00:00,40742
user_bsrrv0ob,"Lagos, Nigeria",en,2023-07-08 00:00:00,14576
user_octykp3s,"Barcelona, Spain",zh,2023-02-05 00:00:00,13203
user_7vpwoqp2,"Seoul, South Korea",zh,2023-09-14 00:00:00,18406
user_xy0zqsx1,"Osaka, Japan",ru,2023-11-18 00:00:00,46574
user_ljik1yxy,"Johannesburg, South Africa",de,2023-03-25 00:00:00,33695
user_v85ub55d,"London, UK",pt,2023-04-10 00:00:00,39315
user_21t39k1j,"Paris, France",en,2023-11-13 00:00:00,41573
user_nhmgke5n,"Rio de Janeiro, Brazil",de,2023-12-03 00:00:00,9937
user_4xle01hd,"Paris, France",ar,2023-05-05 00:00:00,9516
user_5k81svok,"Milan, Italy",de,2023-08-19 00:00:00,8124
user_xbva0qcq,"Manchester, UK",hi,2023-07-17 00:00:00,21901
user_i5gyaj59,"Rome, Italy",zh,2023-02-26 00:00:00,26215
user_cw087eow,"Chicago, USA",zh,2023-10-11 00:00:00,31159
user_4h468qeh,"Munich, Germany",ru,2023-09-25 00:00:00,31209
user_he9lmvpu,"Houston, USA",hi,2023-11-03 00:00:00,46685
user_pfk0frq8,"Lagos, Nigeria",de,2023-01-29 00:00:00,6808
user_bpm9h48i,"Rio de Janeiro, Brazil",es,2023-04-03 00:00:00,16456
user_n3hsc00d,"London, UK",de,2023-11-08 00:00:00,6692
user_mbfbjjix,"New York, USA",zh,2023-06-09 00:00:00,11084
user_vx8uw7j8,"Osaka, Japan",zh,2023-06-24 00:00:00,19339
user_lr3fagdl,"Paris, France",en,2023-10-13 00:00:00,21509
user_ls1b021f,Singapore,hi,2023-08-10 00:00:00,42127
user_3v5bmc1w,"Johannesburg, South Africa",ar,2023-11-22 00:00:00,45585
user_2kpx7bq7,"Manchester, UK",zh,2023-08-02 00:00:00,1954
user_7ynl9cyw,"London, UK",es,2023-04-07 00:00:00,24437
user_jp89dfll,"Osaka, Japan",zh,2023-06-23 00:00:00,47314
user_zh3km46r,"Melbourne, Australia",ru,2023-04-24 00:00:00,44219
user_0snf4coc,"São Paulo, Brazil",de,2023-07-27 00:00:00,42927
user_67hyf45u,"Vancouver, Canada",de,2023-04-05 00:00:00,898
user_r81b8x1v,"Tokyo, Japan",en,2023-10-07 00:00:00,43520
user_bxxatzfk,"Paris, France",ru,2023-01-02 00:00:00,15151
user_7vp5lq28,"Mexico City, Mexico",es,2023-12-21 00:00:00,27066
user_wny0eggt,"Tokyo, Japan",pt,2023-02-09 00:00:00,7793
user_eatb59cy,"Mexico City, Mexico",en,2023-08-02 00:00:00,39881
user_kuccczbl,"Cairo, Egypt",zh,2023-02-28 00:00:00,24509
user_ul3t78j5,"Manchester, UK",ar,2023-11-03 00:00:00,49287
user_p382lkdc,"New York, USA",fr,2023-08-15 00:00:00,23676
user_v90c7v7k,"Manchester, UK",en,2023-02-08 00:00:00,38478
user_3j8m535e,"Tokyo, Japan",ar,2023-06-28 00:00:00,24336
user_ykcupti7,"Milan, Italy",en,2023-03-01 00:00:00,20735
user_6am6m4he,"Milan, Italy",ru,2023-12-29 00:00:00,42340
user_bxh59css,"Rome, Italy",en,2023-10-22 00:00:00,34876
user_739k0164,"Rome, Italy",fr,2023-02-16 00:00:00,13285
user_nv39lexw,"Chicago, USA",ar,2023-07-03 00:00:00,6441
user_21xbx95a,"Dubai, UAE",es,2023-01-28 00:00:00,37334
user_6q691qyw,"Johannesburg, South Africa",de,2023-02-22 00:00:00,44759
user_84886kht,"Cairo, Egypt",ja,2023-06-30 00:00:00,17475
user_d0m2tiau,"Seoul, South Korea",ru,2023-06-04 00:00:00,8439
user_chlfff5h,"Cairo, Egypt",fr,2023-02-16 00:00:00,11640
user_34epscp1,"Mexico City, Mexico",zh,2023-05-03 00:00:00,8767
user_52nwb0a6,"Melbourne, Australia",pt,2023-10-31 00:00:00,17113
user_0bjcdj9t,"Osaka, Japan",pt,2023-07-31 00:00:00,40001
user_oknxkzax,"Manchester, UK",en,2023-12-13 00:00:00,34257
user_zftpt5jm,"Lagos, Nigeria",pt,2023-04-19 00:00:00,33930
user_nocj2u22,"Mumbai, India",hi,2023-08-20 00:00:00,24513
user_ktq7v6k9,"Paris, France",de,2023-03-02 00:00:00,26436
user_9mtets0p,"Johannesburg, South Africa",pt,2023-09-09 00:00:00,8262
user_f1zb31m9,"Shanghai, China",es,2023-05-30 00:00:00,46628
user_xeefhrn8,"Manchester, UK",pt,2023-02-07 00:00:00,43744
user_3y9hmsqu,"Lagos, Nigeria",fr,2023-05-28 00:00:00,4352
user_87kc1g6d,"Houston, USA",hi,2023-05-05 00:00:00,7238
user_l5tg9fs9,"Munich, Germany",es,2023-10-08 00:00:00,8582
user_wozqxxuj,"Lyon, France",ja,2023-09-08 00:00:00,32180
user_jbexdryn,"Barcelona, Spain",zh,2023-12-20 00:00:00,35471
user_65x8ekq5,"Vancouver, Canada",ru,2023-05-07 00:00:00,11582
user_xetn4exw,"Dubai, UAE",ja,2023-08-09 00:00:00,14902
user_burti9os,"Rome, Italy",pt,2023-10-30 00:00:00,19117
user_1dor4ub9,"Melbourne, Australia",ru,2023-05-20 00:00:00,3948
user_2f0wwm7k,"Rio de Janeiro, Brazil",ja,2023-02-20 00:00:00,38582
user_bpeh6r2x,"Rome, Italy",ar,2023-11-15 00:00:00,39573
user_nopk6luq,"Tokyo, Japan",ja,2023-08-27 00:00:00,19663
user_h2cc650s,"Toronto, Canada",ja,2023-09-04 00:00:00,12019
user_69szlmwo,"New York, USA",zh,2023-11-05 00:00:00,15267
user_rn59h12j,"Houston, USA",hi,2023-08-25 00:00:00,16164
user_ztrgkwrt,"Johannesburg, South Africa",es,2023-08-27 00:00:00,30306
user_nf5l9rnd,"Johannesburg, South Africa",ru,2023-11-10 00:00:00,34045
user_tlwy34pg,"New York, USA",es,2023-12-29 00:00:00,24453
user_f7gw8r95,"Manchester, UK",zh,2023-10-21 00:00:00,14142
user_katitpu9,"Beijing, China",es,2023-02-06 00:00:00,23216
user_do27uxxo,"Seoul, South Korea",es,2023-04-17 00:00:00,17481
user_v5erx0ex,"Barcelona, Spain",hi,2023-04-26 00:00:00,17290
user_29wn0kte,"Shanghai, China",es,2023-05-07 00:00:00,24106
user_r7eg1rac,"Houston, USA",fr,2023-04-15 00:00:00,2052
user_vdgsk6rt,"Milan, Italy",fr,2023-04-01 00:00:00,38095
user_8hlbgldx,"Vancouver, Canada",ru,2023-06-01 00:00:00,13905
user_ckihmwlk,"Berlin, Germany",es,2023-08-31 00:00:00,20122
user_t7iq5b8i,"São Paulo, Brazil",es,2023-10-24 00:00:00,16997
user_5c73xjvg,"Berlin, Germany",fr,2023-03-18 00:00:00,33817
user_gi4jvjqd,"Tokyo, Japan",hi,2023-03-05 00:00:00,41198
user_ekw6pu9s,"Barcelona, Spain",de,2023-06-05 00:00:00,13820
user_unr2aqgd,"Cairo, Egypt",ja,2023-12-30 00:00:00,9404
user_0aacyvtz,"Rome, Italy",ru,2023-01-19 00:00:00,1452
user_zwtc0w1c,"London, UK",en,2023-12-17 00:00:00,5798
user_9px5q0by,"Lyon, France",zh,2023-12-23 00:00:00,46167
user_ouggehu2,"Manchester, UK",zh,2023-02-27 00:00:00,29402
user_9lyd7sqy,"Melbourne, Australia",zh,2023-09-05 00:00:00,27460
user_ewvhln58,"Seoul, South Korea",fr,2023-08-01 00:00:00,29588
user_uioec9tu,"Rome, Italy",pt,2023-06-17 00:00:00,26060
user_ixw57ddo,"Chicago, USA",de,2023-08-14 00:00:00,49484
user_86lxvpfg,"Lagos, Nigeria",pt,2023-01-06 00:00:00,12675
user_wfoibt5f,"Melbourne, Australia",pt,2023-09-29 00:00:00,49332
user_t0di0wp6,"Milan, Italy",ar,2023-01-20 00:00:00,4750
user_7gm44p81,"Toronto, Canada",fr,2023-07-02 00:00:00,1960
user_o7ao5viq,"Dubai, UAE",zh,2023-11-14 00:00:00,19308
user_dxyefwh5,"Tokyo, Japan",fr,2023-02-01 00:00:00,47791
user_rtp2dykx,"Berlin, Germany",es,2023-06-07 00:00:00,14113
user_q2stxtlj,"Mexico City, Mexico",zh,2023-12-30 00:00:00,44195
user_vlsb91yi,"Vancouver, Canada",ar,2023-10-30 00:00:00,31473
user_60qt3bld,"Toronto, Canada",hi,2023-01-10 00:00:00,39963
user_f2smsclm,"Paris, France",fr,2023-09-10 00:00:00,5978
user_fumgsyfe,"Los Angeles, USA",es,2023-03-18 00:00:00,40156
user_t028mbub,"Osaka, Japan",en,2023-04-21 00:00:00,49727
user_l8ovyk6s,"New York, USA",ja,2023-10-08 00:00:00,30100
user_uw0vd87k,"Milan, Italy",hi,2023-10-16 00:00:00,11640
user_ctdjnqvi,"Dubai, UAE",hi,2023-02-16 00:00:00,34193
user_2bqhmzq3,"Milan, Italy",pt,2023-10-08 00:00:00,30207
user_k16jgobs,"New York, USA",zh,2023-09-08 00:00:00,35293
user_ay79c8du,"Barcelona, Spain",ru,2023-01-05 00:00:00,21312
user_2ecys8dy,Singapore,ru,2023-08-30 00:00:00,34991
user_t3oblcqc,"Osaka, Japan",en,2023-07-27 00:00:00,20765
user_f7siruac,"Milan, Italy",es,2023-02-01 00:00:00,42293
user_csluibwk,"Tokyo, Japan",pt,2023-09-08 00:00:00,19091
user_g2hbxvtg,"Chicago, USA",ar,2023-12-01 00:00:00,46791
user_73jr6imn,"Berlin, Germany",ru,2023-08-13 00:00:00,7267
user_d8ouiga8,"Los Angeles, USA",de,2023-04-06 00:00:00,5270
user_8h6gfa0x,"Toronto, Canada",es,2023-10-11 00:00:00,14596
user_9i3o9pky,"Milan, Italy",de,2023-07-08 00:00:00,42591
user_0nzzm3ff,"Munich, Germany",es,2023-01-25 00:00:00,16757
user_ouwnxemr,"Delhi, India",fr,2023-04-12 00:00:00,28826
user_t3vc5gvq,"Berlin, Germany",pt,2023-06-11 00:00:00,49312
user_x3e3o9nf,"Cairo, Egypt",fr,2023-10-17 00:00:00,14201
user_3pd2fily,"Rome, Italy",pt,2023-04-22 00:00:00,3536
user_0q1hamqb,"Sydney, Australia",ru,2023-06-03 00:00:00,14670
user_ptkum7pu,"Barcelona, Spain",fr,2023-09-18 00:00:00,32127
user_kf84zwv2,"Paris, France",es,2023-04-18 00:00:00,49575
user_oudpq98k,"Mexico City, Mexico",fr,2023-06-04 00:00:00,44614
user_tbqj08gl,"Munich, Germany",ja,2023-04-29 00:00:00,18181
user_2ezvg796,"Delhi, India",ja,2023-09-15 00:00:00,34913
user_lt9gdb5a,"Delhi, India",en,2023-07-27 00:00:00,40557
user_0o5ujsl6,"Tokyo, Japan",en,2023-04-17 00:00:00,48064
user_bxjv2352,"Shanghai, China",pt,2023-10-26 00:00:00,41874
user_f3crksgl,"Los Angeles, USA",ar,2023-09-13 00:00:00,37091
user_b86ckvf0,"Milan, Italy",ja,2023-11-07 00:00:00,2730
user_ustdftr6,"Cairo, Egypt",ar,2023-12-09 00:00:00,8723
user_wolyc68e,"Berlin, Germany",hi,2023-09-24 00:00:00,21598
user_6lk9bh8q,"Johannesburg, South Africa",ru,2023-04-18 00:00:00,30992
user_2sz5870k,"Paris, France",ar,2023-08-14 00:00:00,22469
user_wq3xvu3q,"Toronto, Canada",en,2023-06-24 00:00:00,28585
user_ag1vxq20,"London, UK",hi,2023-01-27 00:00:00,2589
user_8cnur462,"Melbourne, Australia",es,2023-06-22 00:00:00,2916
user_rzirln2k,"Sydney, Australia",ru,2023-03-30 00:00:00,47343
user_knjtsbf3,"Toronto, Canada",zh,2023-06-27 00:00:00,1298
user_4bgfq7v1,"Rome, Italy",ar,2023-03-17 00:00:00,22396
user_eyivvxsv,"Chicago, USA",zh,2023-06-19 00:00:00,34931
user_3e6vbpgy,"Mumbai, India",ar,2023-02-26 00:00:00,25969
user_t4fac9ry,"Lyon, France",zh,2023-12-16 00:00:00,45249
user_d540lt76,"Los Angeles, USA",de,2023-06-22 00:00:00,8352
user_ybzvk37m,"Paris, France",fr,2023-11-23 00:00:00,41467
user_usts5yuo,"Shanghai, China",ja,2023-12-31 00:00:00,49933
user_zozhwbis,"Paris, France",de,2023-10-25 00:00:00,4580
user_vzkc4eex,"Madrid, Spain",en,2023-05-17 00:00:00,34062
user_qchyte6l,"New York, USA",en,2023-09-17 00:00:00,33190
user_13595b5a,"Delhi, India",es,2023-02-14 00:00:00,28095
user_7ca0d2ca,"Toronto, Canada",hi,2023-05-24 00:00:00,49154
user_bvyufsqe,"Rio de Janeiro, Brazil",en,2023-04-28 00:00:00,5032
user_a4bx0p77,"Lyon, France",fr,2023-09-26 00:00:00,44508
user_df1ei5h3,Singapore,de,2023-11-03 00:00:00,13742
user_frcablkw,"Chicago, USA",hi,2023-08-12 00:00:00,21147
user_jc5pei2a,"Seoul, South Korea",ar,2023-05-21 00:00:00,9428
user_q73dl3ap,"Mumbai, India",en,2023-08-09 00:00:00,21528
user_wo5zxl0h,"Melbourne, Australia",ja,2023-09-04 00:00:00,29999
user_nwv6ddob,"Barcelona, Spain",zh,2023-08-26 00:00:00,28382
user_wxx3ex8f,"Milan, Italy",fr,2023-07-10 00:00:00,31724
user_o9e3yl5r,"Madrid, Spain",de,2023-10-03 00:00:00,36520
user_w409zojg,"Cairo, Egypt",es,2023-01-23 00:00:00,13702
user_mv849ksk,"Los Angeles, USA",de,2023-08-28 00:00:00,8860
user_89lof2wj,"Mumbai, India",fr,2023-09-26 00:00:00,12147
user_t7oaimb8,"Madrid, Spain",en,2023-10-28 00:00:00,46209
user_pylae2xz,"Beijing, China",es,2023-06-21 00:00:00,16830
user_1rcpzj4g,"Osaka, Japan",ar,2023-02-03 00:00:00,40768
user_wojoag7g,"Rio de Janeiro, Brazil",es,2023-04-05 00:00:00,18813
user_vulstdsx,"Los Angeles, USA",hi,2023-03-23 00:00:00,17640
user_qyjwwu3o,"Beijing, China",zh,2023-01-14 00:00:00,39819
user_wous5rom,"Milan, Italy",fr,2023-05-15 00:00:00,44353
user_btbjsufs,"London, UK",ja,2023-01-25 00:00:00,30087
user_rpjjwdw9,"Mexico City, Mexico",ru,2023-05-27 00:00:00,44670
user_cmf4omis,"Houston, USA",ar,2023-08-30 00:00:00,21040
user_5lmyv131,"Toronto, Canada",de,2023-10-29 00:00:00,10443
user_ep00xpmt,"Barcelona, Spain",hi,2023-11-07 00:00:00,7893
user_3obvzmc6,"Johannesburg, South Africa",es,2023-05-02 00:00:00,40810
user_afdu5gw9,"Rome, Italy",hi,2023-11-23 00:00:00,31784
user_xrod8bh2,"Rio de Janeiro, Brazil",zh,2023-08-26 00:00:00,48702
user_xbe6b7kn,"Mumbai, India",ja,2023-08-26 00:00:00,43163
user_77m315jj,"Munich, Germany",en,2023-01-06 00:00:00,30293
user_hvqqyzoi,"Melbourne, Australia",zh,2023-11-10 00:00:00,3213
user_vec6gvbu,"Osaka, Japan",en,2023-01-28 00:00:00,17295
user_hq06wwgk,"Munich, Germany",pt,2023-06-16 00:00:00,43992
user_3jxx3h3w,"London, UK",ru,2023-10-28 00:00:00,35570
user_cwgik1z6,"Chicago, USA",ja,2023-11-22 00:00:00,36868
user_bx9xyj6k,"Shanghai, China",en,2023-03-29 00:00:00,19618
user_6ky50rd4,"Melbourne, Australia",de,2023-01-31 00:00:00,42295
user_xyvxp8vz,"London, UK",de,2023-02-01 00:00:00,6702
user_fb59r176,"Toronto, Canada",zh,2023-10-03 00:00:00,41308
user_6xvmxfyf,"Melbourne, Australia",de,2023-11-27 00:00:00,7470
user_t56uvdd8,"Mumbai, India",ar,2023-04-28 00:00:00,15578
user_0x2s6pho,"Shanghai, China",ja,2023-05-28 00:00:00,26993
user_j5s6xg7p,"Dubai, UAE",fr,2023-11-21 00:00:00,22365
user_tvrrizk4,"Lagos, Nigeria",es,2023-12-13 00:00:00,24598
user_hrja27s4,"Paris, France",en,2023-10-13 00:00:00,42821
user_kktxhpej,"Delhi, India",zh,2023-08-27 00:00:00,31051
user_4h2i9jla,"Los Angeles, USA",pt,2023-12-10 00:00:00,37825
user_b2k6dv8u,"Osaka, Japan",ar,2023-06-13 00:00:00,27707
user_jti6edje,"Toronto, Canada",en,2023-12-10 00:00:00,31392
user_g9g7onlw,"Munich, Germany",de,2023-07-19 00:00:00,7981
user_e9paascb,"São Paulo, Brazil",de,2023-03-11 00:00:00,19695
user_wcqtxwgr,"Los Angeles, USA",en,2023-06-25 00:00:00,10281
user_06v0exkg,"Barcelona, Spain",zh,2023-05-20 00:00:00,552
user_v9k2zefm,"Shanghai, China",zh,2023-04-30 00:00:00,10505
user_653h4bmg,"Berlin, Germany",de,2023-07-11 00:00:00,38484
user_49plobvw,"Shanghai, China",es,2023-04-06 00:00:00,8470
user_v82mrman,"Mexico City, Mexico",de,2023-01-30 00:00:00,24725
user_cud134xj,"Barcelona, Spain",ja,2023-03-12 00:00:00,34665
user_m2ziq5ox,"Melbourne, Australia",ja,2023-11-24 00:00:00,4282
user_do09zsgf,"Houston, USA",en,2023-01-12 00:00:00,1914
user_gikb0dqn,"Dubai, UAE",pt,2023-03-23 00:00:00,33219
user_1ug2c6v8,"Mumbai, India",hi,2023-12-12 00:00:00,30337
user_4snqim59,"Paris, France",pt,2023-07-03 00:00:00,20152
user_d7fndosg,"Toronto, Canada",ja,2023-09-17 00:00:00,3708
user_44damk88,Singapore,zh,2023-09-14 00:00:00,16377
user_dur7q95h,"Lyon, France",fr,2023-10-31 00:00:00,14508
user_wzt2ixn5,"Melbourne, Australia",ru,2023-03-01 00:00:00,32702
user_ewhj7uh3,"Houston, USA",es,2023-12-23 00:00:00,14378
user_oypkjogs,"Dubai, UAE",es,2023-10-31 00:00:00,47001
user_oki4xfhu,"São Paulo, Brazil",es,2023-10-23 00:00:00,42213
user_1cz5m9ov,"Beijing, China",hi,2023-01-19 00:00:00,18267
user_uby999hz,"Houston, USA",de,2023-02-14 00:00:00,10510
user_5l9nw5ja,"Milan, Italy",hi,2023-05-07 00:00:00,11777
user_5bifiovr,"Johannesburg, South Africa",zh,2023-05-11 00:00:00,44077
user_m27g42ms,"Beijing, China",hi,2023-01-28 00:00:00,27325
user_17homyqe,"Toronto, Canada",en,2023-07-27 00:00:00,4887
user_057ka83m,"London, UK",zh,2023-02-11 00:00:00,17153
